cafe_name,rating,review_text,date,source_url
Nova,5,"Это не просто заведение, это мое любимое место, куда я захожу чуть ли не каждый божий день! И на то есть веские причины: Замечательные бариста. Команда просто супер! Всегда встречают с улыбкой, работают быстро и слаженно. Чувствуется, что им не всё равно, и они действительно любят своё дело. Спасибо вам за отличный сервис! Мой must-have — это Айс Бабл Кофе. Идеальный баланс крепости, сладости и нежных шариков боба. Пробовала много где, но здесь он непревзойденный! Никогда не разочаровывает. Bubble Nova — это гарантия отличного чая и хорошего настроения. Однозначно рекомендую и буду рекомендовать! ❤️",07.02.2026,https://yandex.ru/maps/org/nova/232329106809/reviews/
Nova,5,"Классное место, находится в бц на фуд-корте с разными кухнями. Тут всегда быстро готовят заказ, достаточно разнообразный выбор напитков. Продавцы всегда посоветуют что-то на ваш вкус и расскажут про особенности напитка. Рядом есть столики, можно посидеть. Стаканчики очень удобные, не проливаются. Сами напитки на вкус тоже супер!",19.03.2025,https://yandex.ru/maps/org/nova/232329106809/reviews/
Nova,3,"Посещаю с 2022. В последнее время каждый мой поход сюда только убеждает, что это место окончательно испортилось. Я могу по той же цене в другом месте купить себе напиток, где будет в 2 раза больше качественной тапиоки. Здесь же только один раз (за последнее время) повезло получить нормально сваренную.",30.01.2026,https://yandex.ru/maps/org/nova/232329106809/reviews/
Nova,2,"22.05.2025 заказ в 20.30 Часто покупаю здесь чай и всегда было приятно и вкусно, но сегодня трижды сделали чай с ошибкой. Первый раз на вкус в двух стаканах была чистая заварка, второй раз переделали, но сделали оба горячими, хотя оба горячим, хотя просил лишь один, в третий раз переделывать не стали один стакан, а просто вылили половину жидкости + большую часть тапиоки и долили сверху заново в итоге получилось совершенно неудобоваримое нечто. Очень сожалею об этом. Свой стакан с напитком я вернул.",22.05.2025,https://yandex.ru/maps/org/nova/232329106809/reviews/
Nova,5,"шикарное место, самый вкусный бабл ти который я когда либо пробовала, очень сладко и вкусно. персонал очень вежливый",12.02.2026,https://yandex.ru/maps/org/nova/232329106809/reviews/
Nova,1,"Взяла напиток ""черничный мафин"", а в итоге молоко, чай и маленькая ложка недоваренной топиоки:( Может бариста забыла сироп добавить? Ну в общем разочарование, хотя очень любила это место",27.01.2026,https://yandex.ru/maps/org/nova/232329106809/reviews/
Nova,3,"Что происходит с Вашим меню? Пьём нова ти четвертый год, в этом году вдруг появились напитки, которые отказываются делать без добавления льда (клубника-личи). Сегодня (10.10.2025) к этому списку почему-то добавился еще личи-персик. Попросила сделать тогда Персик с желе личи без льда, на что получила ответ, что без льда можно сделать только маленький объем (????) Пожалуйста, добавьте возможность делать без льда ЛЮБЫЕ напитки (ну или хотя бы те, которые раньше делали без льда)",10.10.2025,https://yandex.ru/maps/org/nova/232329106809/reviews/
Nova,5,"очень вкусное фраппе , прекрасная сырная пенка, отдельно хочу отметить отзывчивую и добрую бариста Анастасию",03.03.2026,https://yandex.ru/maps/org/nova/232329106809/reviews/
Teapoke bubble tea,5,"очень вкусная еда! очень приятный персонал, особенно Андрей, Нурик и Гуля❤️ также огромное спасибо повару Мираиде. все безумно вкусно. также шутки андрея всегда очень поднимают настроение, ходим сюда всегда🥰",28.04.2025,https://yandex.ru/maps/org/teapoke_bubble_tea/63621930136/reviews/
Teapoke bubble tea,4,"Уютное место, где всегда можно в тишине, спокойствии и без очередей перекусить. Из минусов: кухня несколько сдала с последнего раза, когда я здесь был + холодильник сильно поредел в плане вариантов сидров, лимонадов и пива (зато кофе и бабл Ti все ещё вкусные👌🏼) P.S. находится на территории ЖК, и проход к кафе Яндекс.Карты чертят через закрытую калитку (однако её можно спокойно обойти через шлагбаум в 80 метрах правее)",18.06.2025,https://yandex.ru/maps/org/teapoke_bubble_tea/63621930136/reviews/
Teapoke bubble tea,2,"Очень люблю ходить в данное заведение за баблти, но ситуация просто отбила любое желание приходить: Я заказываю себе напиток, мне его НЕ закрывают крышкой, я нечаянно разливаю его, я вся целиком облитая, промокли даже кроссовки, а мужчина, который делает напитки, просто стоит и очень громко смеется. Я плачу по 600 рублей за напитки, почему я получаю такое отношение к себе? Пожалуйста, обратите внимание на то, как персонал относится к клиентам!",13.03.2026,https://yandex.ru/maps/org/teapoke_bubble_tea/63621930136/reviews/
Teapoke bubble tea,5,"Лучшее бабл ти которое я пробовала!Блюда тоже хорошие,из фаворитов лапша карри и вафля с клубникой и кремом.Интерьер выполнен в гавайском стиле🌺💕",14.08.2025,https://yandex.ru/maps/org/teapoke_bubble_tea/63621930136/reviews/
Teapoke bubble tea,3,"напитки вкусные, но сегодня заказала чай, запросив двойную порцию желе, его в итоге вообще не положили, хотя цену за добавку заплатила, обидно(((",25.03.2026,https://yandex.ru/maps/org/teapoke_bubble_tea/63621930136/reviews/
Teapoke bubble tea,1,"Туда невозможно попасть, так как заведение находится на закрытой территории. Обошли со всех сторон, попасть не возможно :( Если бы написали как пройти или что заведение не доступно для не проживающих - плохую оценку бы не поставили. Потратили время зря",17.03.2026,https://yandex.ru/maps/org/teapoke_bubble_tea/63621930136/reviews/
Teapoke bubble tea,2,"Очень люблю ходить в данное заведение за баблти, но ситуация просто отбила любое желание приходить: Я заказываю себе напиток, мне его НЕ закрывают крышкой, я нечаянно разливаю его, я вся целиком облитая, промокли даже кроссовки, а мужчина, который делает напитки, просто стоит и очень громко смеется. Я плачу по 600 рублей за напитки, почему я получаю такое отношение к себе? Пожалуйста, обратите внимание на то, как персонал относится к клиентам!",13.03.2026,https://yandex.ru/maps/org/teapoke_bubble_tea/63621930136/reviews/
Teapoke bubble tea,3,"Если вы собственник и читаете отзывы, вам нужно провести работу с персоналом. Им ваще наплевать на клиентов. Ты можешь прийти и ждать когда сотрудник докурит или доест какую-то свою еду)))",05.12.2025,https://yandex.ru/maps/org/teapoke_bubble_tea/63621930136/reviews/
Teapoke bubble tea,5,"Неплохой напиток с бобой, попробовали 4 разных, все вкусно",04.01.2026,https://yandex.ru/maps/org/teapoke_bubble_tea/63621930136/reviews/
Jinju bubble tea,4,"Уютная обстановка, вежливый персонал. - Уборная жесть, но не уверен, что она относится к кафе - На столе валялся какой-то мелкий мусор(не протирают качественно?)",11.05.2026,https://yandex.ru/maps/org/jinju_bubble_tea/232950636517/reviews/
Jinju bubble tea,1,"Была тут 7.05. Хуже этого места только испорченное настроение после его посещения. Кофейня абсолютно недружелюбная к гостям. У барист было недовольное лицо, будто бы их попросили сделать что-то необычное, а не их работу.))) Заказ принимали нехотя, долго отдавали заказ, хотя людей было мало. Очень неприятно просто так такое отношения к себе получать. Если не умеете уважительно общаться с посетителями, не нужно здесь работать.)))",08.05.2026,https://yandex.ru/maps/org/jinju_bubble_tea/232950636517/reviews/
Jinju bubble tea,1,"Часто бываем в данном заведении, отличная карамельная тапиока. Но сегодня решила оставить комментарий для собственника заведения: сотрудник проявляет пассивную агрессию к покупателям, отвечая сквозь зубы односложными да-нет, горячего не будет, только теплое и тд, в том числе агрессивно общается с коллегой. Плюс на мой взгляд, форма одежды с голым пупком не очень уместна",06.05.2026,https://yandex.ru/maps/org/jinju_bubble_tea/232950636517/reviews/
Jinju bubble tea,5,"Открыла для себя поистине находку! Нашла свой идеальный бабл-ти! Однозначно 5 звезд Персонал очень дружелюбный и приветливый. Бариста подробно рассказали про все позиции в меню, помогли определиться с выбором. Внутри очень уютно, стильно, много классных деталей, приятные кресла что хочется задержаться здесь на подольше. Обязательно вернусь пробовать другие позиции из меню. Рекомендую!",05.05.2026,https://yandex.ru/maps/org/jinju_bubble_tea/232950636517/reviews/
Jinju bubble tea,1,"Нет бабл ти. Просто смешно. Купила напиток и там нет бабл джусов, и нигде этл не указано",02.05.2026,https://yandex.ru/maps/org/jinju_bubble_tea/232950636517/reviews/
Jinju bubble tea,4,Вкусный бабл ти с яичным пудингом,11.04.2026,https://yandex.ru/maps/org/jinju_bubble_tea/232950636517/reviews/
Jinju bubble tea,4,"Это моя любимая сеть бабл, напитки вкусные, но, к сожалению, в этой точке 29 числа попалось в напитке много недоваренных шариков( впервые с таким столкнулась",31.03.2026,https://yandex.ru/maps/org/jinju_bubble_tea/232950636517/reviews/
Jinju bubble tea,1,"заходила 17.04, брала тапиоку таро плюсы: + дружелюбный персонал + расположение минусы: - напиток: разваренная склизская тапиока, ОЧЕНЬ сладко, почти не чувствуется вкус таро - туалет: УЖАСНЫЙ, грязный, нет ни бумаги, ни мыла - интерьер: находится в одном помещении в табачкой и ремонтом телефонов) - здание: не оборудовано для МГН, ступени, нет пандуса общая оценка 1/10, только из-за милого персонала",17.04.2026,https://yandex.ru/maps/org/jinju_bubble_tea/232950636517/reviews/
Jinju bubble tea,5,Очень Вкусные Баблы. Сладкие с Красной Фасолью. С Курицей и Говядиной. Интересно попробовать Японскую Кухню!! Всем Советую слелать Пвузу и посетить,30.03.2026,https://yandex.ru/maps/org/jinju_bubble_tea/232950636517/reviews/
Mani Bubble Tea,1,"купили и сразу выкинули тапиока сырая, хотя в др точках все окей, было бы славно если бы вернули деньги",01.05.2026,https://yandex.ru/maps/org/mani_bubble_tea/179312554027/reviews/
Mani Bubble Tea,5,"сегодня посетили заведение. отличный сервис, вкусные напитки. дети в восторге",18.04.2026,https://yandex.ru/maps/org/mani_bubble_tea/179312554027/reviews/
Mani Bubble Tea,5,"Уютная атмосфера, небольшое заведение, но приятное и спокойное. Готовят на глазах и довольно быстро, бабл ти выглядит аппетитно",14.04.2026,https://yandex.ru/maps/org/mani_bubble_tea/179312554027/reviews/
Mani Bubble Tea,5,Хорошее заведение с приятной атмосферой,02.04.2026,https://yandex.ru/maps/org/mani_bubble_tea/179312554027/reviews/
Mani Bubble Tea,1,"Качество просто ужас,ну вы за такие деньги должны соответствовать!Раньше было очень вкусные напитки!Мы пришли с подружкой когда нам пробили напитки карту не спросили ну думаем ладно,но сказать что нет тапиоки и в наших напитках будет меньше на 40%.Могли заранее сказать до пробития за 500 рублей кофе с молоком не интересно!",02.04.2026,https://yandex.ru/maps/org/mani_bubble_tea/179312554027/reviews/
Mani Bubble Tea,5,"Атмосферное место, вкусные напитки на тёплую погоду то, что нужно! Девушка бариста очень милая, разрядила хорошим настроением",01.04.2026,https://yandex.ru/maps/org/mani_bubble_tea/179312554027/reviews/
Mani Bubble Tea,5,вкусненько + повайбили с баристой под музыку,31.03.2026,https://yandex.ru/maps/org/mani_bubble_tea/179312554027/reviews/
Mani Bubble Tea,1,"Тапиока была сырая и на половине напитка она закончилась, ее было очень мало. Вернулась, мне сказали, что бесплатно переделают, я ждала, когда снова вернулась, мне сказали, что тапиока не сырая, а дело в том, что в напитке есть лёд, поэтому она очень твёрдая. Я уже давно покупаю бабл ти, самые разные, со льдом тоже, ранее такого не было, тапиока всегда была мягкая, но тут она была прям сухая внутри.. В итоге мне ничего не переделали, очень странно, зачем было так делать. Могли сразу сказать, что переделывать не будут, а не заставлять меня ждать",30.03.2026,https://yandex.ru/maps/org/mani_bubble_tea/179312554027/reviews/
Mani Bubble Tea,5,Очень приятненькое местечко и вежливый персонал. Бабл качественный и сырная монетка вкусная+интерьер и тишина относительная понравились,24.03.2026,https://yandex.ru/maps/org/mani_bubble_tea/179312554027/reviews/
Teakwon-do Bubble Tea,2,"Удивлена большому количеству хороших отзывов, потому что напиток плохой откровенно. Тапиока дубовая, не прожевать вообще, сварена плохо. Продавцы предложили двойную порцию тапиоки, так как только что ее сварили (естественно не уточнив, что за допплату, ох уж эти активные продажи). Я уточнила сама и отказался от доптапиоки, и учитывая качество тапиоки, сложилось ощущение, что хотели быстрее избавиться от брака. Также попросила холодной напиток, но был теплым (лёд подействовал только в конце). Сам чай нормальный, понравилось, что тапиока был в соусе. Большой баблти стоит 650-700 рублей, а маленький от 500. Это очень высокий ценник, за которого должны быть высокого качества как тапиока, так и сам чай. Не знаю, всегда ли здесь такая тапиока или конкретно в этот день не задалось, но это плохо и не стоит таких денег. Если бы был средний ценник за баблти в Москве, то поставила бы 3 звезды",16.05.2026,https://yandex.ru/maps/org/teakwon_do_bubble_tea/63128021125/reviews/
Teakwon-do Bubble Tea,5,"Рекомендую bumble coffee, шикарный вкус",11.05.2026,https://yandex.ru/maps/org/teakwon_do_bubble_tea/63128021125/reviews/
Teakwon-do Bubble Tea,4,"Освежающий и очень вкусный, особенно в жаркий день!",06.05.2026,https://yandex.ru/maps/org/teakwon_do_bubble_tea/63128021125/reviews/
Teakwon-do Bubble Tea,5,"Уже не первый раз беру тут напитки, всегда вкусные и интересные! Рекомендую это место, особенно синюю матчу",01.05.2026,https://yandex.ru/maps/org/teakwon_do_bubble_tea/63128021125/reviews/
Teakwon-do Bubble Tea,5,"Все супер, очень здорово",30.04.2026,https://yandex.ru/maps/org/teakwon_do_bubble_tea/63128021125/reviews/
Teakwon-do Bubble Tea,5,"Оформили доставку, два напитка матча чиз и соленое печенье чиз, очень вкусно! Спасибо большое",19.04.2026,https://yandex.ru/maps/org/teakwon_do_bubble_tea/63128021125/reviews/
Teakwon-do Bubble Tea,5,"Чудесный персонал, вкусный баблти ❤️ Музыка и атмосфера четкая не охото уходить. Рекомендую это место",15.04.2026,https://yandex.ru/maps/org/teakwon_do_bubble_tea/63128021125/reviews/
Teakwon-do Bubble Tea,5,"Прикольные напитки. Могут приготовить как горячими, так и холодными. Вежливый бариста",13.04.2026,https://yandex.ru/maps/org/teakwon_do_bubble_tea/63128021125/reviews/
Teakwon-do Bubble Tea,1,"честно, на вкус вода с шариками…",06.04.2026,https://yandex.ru/maps/org/teakwon_do_bubble_tea/63128021125/reviews/
