target_position,vacancy_id,vacancy_name,employer,town,salary_from,salary_to,salary_mid,experience,employment,schedule,published_at,url,source
Помощник бариста,50643829,Бариста,Азбука вкуса,Москва,93600.0,,93600.0,Без опыта,Сменный график работы,Не имеет значения,1779528960,https://www.superjob.ru/vakansii/barista-50643829.html,superjob
Помощник бариста,51759263,Бариста-официант в кафе (Чертановская),Азбука вкуса,Москва,6000.0,,6000.0,Без опыта,Полный рабочий день,Не имеет значения,1779526080,https://www.superjob.ru/vakansii/barista-oficiant-v-kafe-51759263.html,superjob
Помощник бариста,51973942,Бариста,ООО АШАН,Москва,61700.0,81600.0,71650.0,Без опыта,Полный рабочий день,Не имеет значения,1779520243,https://www.superjob.ru/vakansii/barista-51973942.html,superjob
Помощник бариста,51977943,Бариста/бармен-официант в кафе (Раменки),Азбука вкуса,Москва,6000.0,,6000.0,Без опыта,Полный рабочий день,Не имеет значения,1779526680,https://www.superjob.ru/vakansii/barista-51977943.html,superjob
Помощник бариста,51979979,Повар в магазин,"МАГНИТ, Розничная сеть. Магазины продуктов",Москва,74200.0,100100.0,87150.0,Без опыта,Сменный график работы,Не имеет значения,1779515880,https://www.superjob.ru/vakansii/povar-v-magazin-51979979.html,superjob
Помощник бариста,51979980,Повар в магазин,"МАГНИТ, Розничная сеть. Магазины продуктов",Москва,83600.0,106100.0,94850.0,Без опыта,Сменный график работы,Не имеет значения,1779515940,https://www.superjob.ru/vakansii/povar-v-magazin-51979980.html,superjob
Помощник бариста,51906550,Бариста,Перекрёсток,Москва,78600.0,82100.0,80350.0,Не имеет значения,Неполный рабочий день,Не имеет значения,1779517611,https://www.superjob.ru/vakansii/barista-51906550.html,superjob
Помощник бариста,51923246,Бариста,Перекрёсток,Москва,70000.0,80000.0,75000.0,Без опыта,Неполный рабочий день,Не имеет значения,1779518093,https://www.superjob.ru/vakansii/barista-51923246.html,superjob
Помощник бариста,51923353,Бариста,Перекрёсток,Москва,70000.0,75000.0,72500.0,Без опыта,Полный рабочий день,Не имеет значения,1779519125,https://www.superjob.ru/vakansii/barista-51923353.html,superjob
Помощник бариста,51923361,Мобильный бариста,Перекрёсток,Москва,77000.0,79000.0,78000.0,Без опыта,Полный рабочий день,Не имеет значения,1779519180,https://www.superjob.ru/vakansii/mobilnyj-barista-51923361.html,superjob
Помощник бариста,51923367,Бариста,Перекрёсток,Москва,85200.0,89100.0,87150.0,Без опыта,Неполный рабочий день,Не имеет значения,1779519222,https://www.superjob.ru/vakansii/barista-51923367.html,superjob
Помощник бариста,51923369,Бариста,Перекрёсток,Москва,80500.0,84100.0,82300.0,Без опыта,Неполный рабочий день,Не имеет значения,1779519230,https://www.superjob.ru/vakansii/barista-51923369.html,superjob
Помощник бариста,51923576,Мобильный бариста,Перекрёсток,Москва,75000.0,85000.0,80000.0,Без опыта,Полный рабочий день,Не имеет значения,1779521282,https://www.superjob.ru/vakansii/mobilnyj-barista-51923576.html,superjob
Помощник бариста,51931771,Мобильный бариста,Перекрёсток,Москва,80000.0,85000.0,82500.0,Без опыта,Полный рабочий день,Не имеет значения,1779521838,https://www.superjob.ru/vakansii/mobilnyj-barista-51931771.html,superjob
Помощник бариста,51932111,Бариста,Перекрёсток,Москва,81000.0,85000.0,83000.0,Без опыта,Неполный рабочий день,Не имеет значения,1779523526,https://www.superjob.ru/vakansii/barista-51932111.html,superjob
Помощник бариста,51932259,Ночной бариста-пекарь,Перекрёсток,Москва,75000.0,80000.0,77500.0,Без опыта,Полный рабочий день,Не имеет значения,1779524010,https://www.superjob.ru/vakansii/nochnoj-barista-pekar-51932259.html,superjob
Помощник бариста,51932351,Бариста,Перекрёсток,Москва,65000.0,70000.0,67500.0,Без опыта,Неполный рабочий день,Не имеет значения,1779524321,https://www.superjob.ru/vakansii/barista-51932351.html,superjob
Помощник бариста,51932364,Бариста,Перекрёсток,Москва,79100.0,82600.0,80850.0,Без опыта,Неполный рабочий день,Не имеет значения,1779524353,https://www.superjob.ru/vakansii/barista-51932364.html,superjob
Помощник бариста,51932399,Бариста,Перекрёсток,Москва,69100.0,72600.0,70850.0,Без опыта,Неполный рабочий день,Не имеет значения,1779524455,https://www.superjob.ru/vakansii/barista-51932399.html,superjob
Помощник бариста,51932408,Бариста,Перекрёсток,Москва,60000.0,75000.0,67500.0,Без опыта,Полный рабочий день,Не имеет значения,1779524513,https://www.superjob.ru/vakansii/barista-51932408.html,superjob
Помощник бариста,51934097,Бариста,Перекрёсток,Москва,59000.0,82600.0,70800.0,Без опыта,Неполный рабочий день,Не имеет значения,1779517495,https://www.superjob.ru/vakansii/barista-51934097.html,superjob
Помощник бариста,51934108,Ночной бариста-пекарь,Перекрёсток,Москва,80000.0,90000.0,85000.0,Без опыта,Полный рабочий день,Не имеет значения,1779517567,https://www.superjob.ru/vakansii/nochnoj-barista-pekar-51934108.html,superjob
Помощник бариста,51937379,Бариста,Перекрёсток,Москва,80500.0,84100.0,82300.0,Без опыта,Неполный рабочий день,Не имеет значения,1779517477,https://www.superjob.ru/vakansii/barista-51937379.html,superjob
Помощник бариста,51937387,Бариста,Перекрёсток,Москва,80500.0,84100.0,82300.0,Без опыта,Неполный рабочий день,Не имеет значения,1779517489,https://www.superjob.ru/vakansii/barista-51937387.html,superjob
Помощник бариста,51937390,Бариста,Перекрёсток,Москва,79500.0,83100.0,81300.0,Без опыта,Неполный рабочий день,Не имеет значения,1779517498,https://www.superjob.ru/vakansii/barista-51937390.html,superjob
Помощник бариста,51937399,Бариста,Перекрёсток,Москва,81000.0,85000.0,83000.0,Без опыта,Неполный рабочий день,Не имеет значения,1779517530,https://www.superjob.ru/vakansii/barista-51937399.html,superjob
Помощник бариста,51937409,Бариста,Перекрёсток,Москва,82900.0,86600.0,84750.0,Без опыта,Неполный рабочий день,Не имеет значения,1779517562,https://www.superjob.ru/vakansii/barista-51937409.html,superjob
Помощник бариста,51937417,Бариста,Перекрёсток,Москва,70000.0,80000.0,75000.0,Без опыта,Неполный рабочий день,Не имеет значения,1779517577,https://www.superjob.ru/vakansii/barista-51937417.html,superjob
Помощник бариста,51937421,Бариста,Перекрёсток,Москва,70000.0,80000.0,75000.0,Без опыта,Неполный рабочий день,Не имеет значения,1779517593,https://www.superjob.ru/vakansii/barista-51937421.html,superjob
Помощник бариста,51937446,Бариста,Перекрёсток,Москва,80000.0,85000.0,82500.0,Без опыта,Неполный рабочий день,Не имеет значения,1779517685,https://www.superjob.ru/vakansii/barista-51937446.html,superjob
Помощник бариста,51937448,Бариста,Перекрёсток,Москва,80000.0,85000.0,82500.0,Без опыта,Неполный рабочий день,Не имеет значения,1779517701,https://www.superjob.ru/vakansii/barista-51937448.html,superjob
Помощник бариста,51940521,Бариста,Перекрёсток,Москва,80000.0,85000.0,82500.0,Без опыта,Неполный рабочий день,Не имеет значения,1779517636,https://www.superjob.ru/vakansii/barista-51940521.html,superjob
Помощник бариста,51940525,Бариста,Перекрёсток,Москва,70000.0,80000.0,75000.0,Без опыта,Неполный рабочий день,Не имеет значения,1779517646,https://www.superjob.ru/vakansii/barista-51940525.html,superjob
Помощник бариста,51940529,Бариста,Перекрёсток,Москва,81000.0,85000.0,83000.0,Без опыта,Неполный рабочий день,Не имеет значения,1779517653,https://www.superjob.ru/vakansii/barista-51940529.html,superjob
Помощник бариста,51940530,Мобильный бариста,Перекрёсток,Москва,75000.0,85000.0,80000.0,Без опыта,Полный рабочий день,Не имеет значения,1779517656,https://www.superjob.ru/vakansii/mobilnyj-barista-51940530.html,superjob
Помощник бариста,51940533,Мобильный бариста,Перекрёсток,Москва,85000.0,90000.0,87500.0,Без опыта,Полный рабочий день,Не имеет значения,1779517661,https://www.superjob.ru/vakansii/mobilnyj-barista-51940533.html,superjob
Помощник бариста,51940534,Мобильный бариста,Перекрёсток,Москва,85000.0,90000.0,87500.0,Без опыта,Полный рабочий день,Не имеет значения,1779517665,https://www.superjob.ru/vakansii/mobilnyj-barista-51940534.html,superjob
Помощник бариста,51940536,Мобильный бариста,Перекрёсток,Москва,85000.0,90000.0,87500.0,Без опыта,Полный рабочий день,Не имеет значения,1779517669,https://www.superjob.ru/vakansii/mobilnyj-barista-51940536.html,superjob
Помощник бариста,51940538,Мобильный бариста,Перекрёсток,Москва,85000.0,90000.0,87500.0,Без опыта,Полный рабочий день,Не имеет значения,1779517674,https://www.superjob.ru/vakansii/mobilnyj-barista-51940538.html,superjob
Помощник бариста,51940544,Бариста,Перекрёсток,Москва,80000.0,83000.0,81500.0,Без опыта,Неполный рабочий день,Не имеет значения,1779517688,https://www.superjob.ru/vakansii/barista-51940544.html,superjob
Помощник бариста,51940549,Бариста,Перекрёсток,Москва,81000.0,85000.0,83000.0,Без опыта,Неполный рабочий день,Не имеет значения,1779517717,https://www.superjob.ru/vakansii/barista-51940549.html,superjob
Помощник бариста,51940552,Бариста,Перекрёсток,Москва,81000.0,85000.0,83000.0,Без опыта,Неполный рабочий день,Не имеет значения,1779517733,https://www.superjob.ru/vakansii/barista-51940552.html,superjob
Помощник бариста,51940553,Бариста,Перекрёсток,Москва,88000.0,92000.0,90000.0,Без опыта,Неполный рабочий день,Не имеет значения,1779517741,https://www.superjob.ru/vakansii/barista-51940553.html,superjob
Помощник бариста,51940554,Бариста,Перекрёсток,Москва,80000.0,83600.0,81800.0,Без опыта,Неполный рабочий день,Не имеет значения,1779517745,https://www.superjob.ru/vakansii/barista-51940554.html,superjob
Помощник бариста,51940557,Бариста,Перекрёсток,Москва,81000.0,84600.0,82800.0,Без опыта,Неполный рабочий день,Не имеет значения,1779517756,https://www.superjob.ru/vakansii/barista-51940557.html,superjob
Помощник бариста,51913576,Бариста,Перекрёсток,Москва,65700.0,79000.0,72350.0,Без опыта,Неполный рабочий день,Не имеет значения,1779517036,https://www.superjob.ru/vakansii/barista-51913576.html,superjob
Помощник бариста,51913644,Бариста,Перекрёсток,Москва,80000.0,85000.0,82500.0,Без опыта,Неполный рабочий день,Не имеет значения,1779517211,https://www.superjob.ru/vakansii/barista-51913644.html,superjob
Помощник бариста,51920538,Бариста,Перекрёсток,Москва,86700.0,90600.0,88650.0,Без опыта,Неполный рабочий день,Не имеет значения,1779517161,https://www.superjob.ru/vakansii/barista-51920538.html,superjob
Помощник бариста,51923120,Бариста,Перекрёсток,Москва,80000.0,83600.0,81800.0,Без опыта,Неполный рабочий день,Не имеет значения,1779517298,https://www.superjob.ru/vakansii/barista-51923120.html,superjob
Помощник бариста,51937212,Бариста,Перекрёсток,Москва,78600.0,82100.0,80350.0,Без опыта,Неполный рабочий день,Не имеет значения,1779517060,https://www.superjob.ru/vakansii/barista-51937212.html,superjob
Помощник бариста,51937218,Бариста,Перекрёсток,Москва,81000.0,85000.0,83000.0,Без опыта,Неполный рабочий день,Не имеет значения,1779517089,https://www.superjob.ru/vakansii/barista-51937218.html,superjob
Помощник бариста,51937293,Бариста,Перекрёсток,Москва,81000.0,85000.0,83000.0,Без опыта,Неполный рабочий день,Не имеет значения,1779517257,https://www.superjob.ru/vakansii/barista-51937293.html,superjob
Помощник бариста,51937298,Бариста,Перекрёсток,Москва,80000.0,85000.0,82500.0,Без опыта,Неполный рабочий день,Не имеет значения,1779517268,https://www.superjob.ru/vakansii/barista-51937298.html,superjob
Помощник бариста,51937310,Бариста,Перекрёсток,Москва,81400.0,85100.0,83250.0,Без опыта,Неполный рабочий день,Не имеет значения,1779517304,https://www.superjob.ru/vakansii/barista-51937310.html,superjob
Помощник бариста,51937316,Бариста,Перекрёсток,Москва,79500.0,83100.0,81300.0,Без опыта,Неполный рабочий день,Не имеет значения,1779517333,https://www.superjob.ru/vakansii/barista-51937316.html,superjob
Помощник бариста,51937329,Бариста,Перекрёсток,Москва,78600.0,82100.0,80350.0,Без опыта,Неполный рабочий день,Не имеет значения,1779517368,https://www.superjob.ru/vakansii/barista-51937329.html,superjob
Помощник бариста,51937333,Бариста,Перекрёсток,Москва,81000.0,85000.0,83000.0,Без опыта,Неполный рабочий день,Не имеет значения,1779517379,https://www.superjob.ru/vakansii/barista-51937333.html,superjob
Помощник бариста,51937336,Бариста,Перекрёсток,Москва,70000.0,75000.0,72500.0,Без опыта,Полный рабочий день,Не имеет значения,1779517384,https://www.superjob.ru/vakansii/barista-51937336.html,superjob
Помощник бариста,51937339,Бариста,Перекрёсток,Москва,81000.0,85000.0,83000.0,Без опыта,Неполный рабочий день,Не имеет значения,1779517394,https://www.superjob.ru/vakansii/barista-51937339.html,superjob
Помощник бариста,51937346,Бариста,Перекрёсток,Москва,80000.0,83000.0,81500.0,Без опыта,Неполный рабочий день,Не имеет значения,1779517409,https://www.superjob.ru/vakansii/barista-51937346.html,superjob
Помощник бариста,51937350,Бариста,Перекрёсток,Москва,78600.0,82100.0,80350.0,Без опыта,Неполный рабочий день,Не имеет значения,1779517416,https://www.superjob.ru/vakansii/barista-51937350.html,superjob
Помощник бариста,51937351,Бариста,Перекрёсток,Москва,82900.0,86600.0,84750.0,Без опыта,Неполный рабочий день,Не имеет значения,1779517417,https://www.superjob.ru/vakansii/barista-51937351.html,superjob
Помощник бариста,51937353,Бариста,Перекрёсток,Москва,78600.0,82100.0,80350.0,Без опыта,Неполный рабочий день,Не имеет значения,1779517423,https://www.superjob.ru/vakansii/barista-51937353.html,superjob
Помощник бариста,51937361,Бариста,Перекрёсток,Москва,80000.0,83000.0,81500.0,Без опыта,Неполный рабочий день,Не имеет значения,1779517440,https://www.superjob.ru/vakansii/barista-51937361.html,superjob
Помощник бариста,51937365,Бариста,Перекрёсток,Москва,82900.0,86600.0,84750.0,Без опыта,Неполный рабочий день,Не имеет значения,1779517451,https://www.superjob.ru/vakansii/barista-51937365.html,superjob
Помощник бариста,51937369,Бариста,Перекрёсток,Москва,81400.0,85100.0,83250.0,Без опыта,Неполный рабочий день,Не имеет значения,1779517454,https://www.superjob.ru/vakansii/barista-51937369.html,superjob
Помощник бариста,51937375,Бариста,Перекрёсток,Москва,80000.0,83600.0,81800.0,Без опыта,Неполный рабочий день,Не имеет значения,1779517468,https://www.superjob.ru/vakansii/barista-51937375.html,superjob
Помощник бариста,51940284,Бариста,Перекрёсток,Москва,80000.0,90000.0,85000.0,Без опыта,Неполный рабочий день,Не имеет значения,1779517114,https://www.superjob.ru/vakansii/barista-51940284.html,superjob
Помощник бариста,51958333,Бариста,Перекрёсток,Москва,81000.0,84600.0,82800.0,Без опыта,Неполный рабочий день,Не имеет значения,1779517056,https://www.superjob.ru/vakansii/barista-51958333.html,superjob
Помощник бариста,51958345,Бариста,Перекрёсток,Москва,81000.0,84600.0,82800.0,Без опыта,Неполный рабочий день,Не имеет значения,1779517105,https://www.superjob.ru/vakansii/barista-51958345.html,superjob
Помощник бариста,51958366,Бариста,Перекрёсток,Москва,79500.0,83100.0,81300.0,Без опыта,Неполный рабочий день,Не имеет значения,1779517147,https://www.superjob.ru/vakansii/barista-51958366.html,superjob
Помощник бариста,51958369,Бариста,Перекрёсток,Москва,70000.0,75000.0,72500.0,Без опыта,Неполный рабочий день,Не имеет значения,1779517151,https://www.superjob.ru/vakansii/barista-51958369.html,superjob
Помощник бариста,51958379,Бариста,Перекрёсток,Москва,78600.0,82100.0,80350.0,Без опыта,Неполный рабочий день,Не имеет значения,1779517167,https://www.superjob.ru/vakansii/barista-51958379.html,superjob
Помощник бариста,51963666,Бариста,Перекрёсток,Москва,81400.0,85100.0,83250.0,Без опыта,Неполный рабочий день,Не имеет значения,1779517134,https://www.superjob.ru/vakansii/barista-51963666.html,superjob
Помощник бариста,51963789,Бариста,Перекрёсток,Москва,59000.0,82600.0,70800.0,Без опыта,Неполный рабочий день,Не имеет значения,1779517303,https://www.superjob.ru/vakansii/barista-51963789.html,superjob
Помощник бариста,51963847,Бариста,Перекрёсток,Москва,75000.0,90000.0,82500.0,Без опыта,Неполный рабочий день,Не имеет значения,1779517382,https://www.superjob.ru/vakansii/barista-51963847.html,superjob
Помощник бариста,51963857,Бариста,Перекрёсток,Москва,70000.0,80000.0,75000.0,Без опыта,Неполный рабочий день,Не имеет значения,1779517397,https://www.superjob.ru/vakansii/barista-51963857.html,superjob
Помощник бариста,51963860,Бариста,Перекрёсток,Москва,61700.0,65000.0,63350.0,Без опыта,Неполный рабочий день,Не имеет значения,1779517401,https://www.superjob.ru/vakansii/barista-51963860.html,superjob
Помощник бариста,51980092,Бариста,Перекрёсток,Москва,79100.0,82600.0,80850.0,Без опыта,Неполный рабочий день,Не имеет значения,1779517164,https://www.superjob.ru/vakansii/barista-51980092.html,superjob
Помощник бариста,51980102,Бариста,Перекрёсток,Москва,78100.0,81600.0,79850.0,Без опыта,Неполный рабочий день,Не имеет значения,1779517185,https://www.superjob.ru/vakansii/barista-51980102.html,superjob
Помощник бариста,51982605,Бариста,Перекрёсток,Москва,70000.0,75000.0,72500.0,Без опыта,Неполный рабочий день,Не имеет значения,1779517143,https://www.superjob.ru/vakansii/barista-51982605.html,superjob
Помощник бариста,51982610,Бариста,Перекрёсток,Москва,80000.0,85000.0,82500.0,Без опыта,Неполный рабочий день,Не имеет значения,1779517157,https://www.superjob.ru/vakansii/barista-51982610.html,superjob
Помощник бариста,51982613,Бариста,Перекрёсток,Москва,79100.0,82600.0,80850.0,Без опыта,Неполный рабочий день,Не имеет значения,1779517164,https://www.superjob.ru/vakansii/barista-51982613.html,superjob
Помощник бариста,51982623,Бариста,Перекрёсток,Москва,83300.0,87100.0,85200.0,Без опыта,Неполный рабочий день,Не имеет значения,1779517187,https://www.superjob.ru/vakansii/barista-51982623.html,superjob
Помощник бариста,51982624,Бариста,Перекрёсток,Москва,79100.0,82600.0,80850.0,Без опыта,Неполный рабочий день,Не имеет значения,1779517191,https://www.superjob.ru/vakansii/barista-51982624.html,superjob
Помощник бариста,48545277,Ведущий специалист торгового зала/Продавец-наставник (ночные смены),Азбука вкуса,Москва,97600.0,104000.0,100800.0,Без опыта,Сменный график работы,Не имеет значения,1779524160,https://www.superjob.ru/vakansii/veduschij-specialist-torgovogo-zala-48545277.html,superjob
Помощник бариста,51913570,Бариста,Перекрёсток,Москва,79500.0,83100.0,81300.0,Без опыта,Неполный рабочий день,Не имеет значения,1779517022,https://www.superjob.ru/vakansii/barista-51913570.html,superjob
Помощник бариста,51932359,Менеджер кафе,Перекрёсток,Москва,90600.0,94500.0,92550.0,Без опыта,Полный рабочий день,Не имеет значения,1779524341,https://www.superjob.ru/vakansii/menedzher-kafe-51932359.html,superjob
Помощник бариста,51932387,Менеджер кафе,Перекрёсток,Москва,89000.0,93000.0,91000.0,Без опыта,Полный рабочий день,Не имеет значения,1779524402,https://www.superjob.ru/vakansii/menedzher-kafe-51932387.html,superjob
Помощник бариста,51932396,Менеджер кафе,Перекрёсток,Москва,92100.0,96000.0,94050.0,Без опыта,Полный рабочий день,Не имеет значения,1779524442,https://www.superjob.ru/vakansii/menedzher-kafe-51932396.html,superjob
Помощник бариста,51933881,Бариста,Перекрёсток,Москва,78000.0,82000.0,80000.0,Без опыта,Неполный рабочий день,Не имеет значения,1779516662,https://www.superjob.ru/vakansii/barista-51933881.html,superjob
Помощник бариста,51940183,Бариста,Перекрёсток,Москва,82400.0,86100.0,84250.0,Без опыта,Неполный рабочий день,Не имеет значения,1779516939,https://www.superjob.ru/vakansii/barista-51940183.html,superjob
Помощник бариста,51940211,Мобильный бариста,Перекрёсток,Москва,82400.0,86100.0,84250.0,Без опыта,Полный рабочий день,Не имеет значения,1779516986,https://www.superjob.ru/vakansii/mobilnyj-barista-51940211.html,superjob
Помощник бариста,51958157,Бариста,Перекрёсток,Москва,60000.0,70000.0,65000.0,Без опыта,Неполный рабочий день,Не имеет значения,1779516667,https://www.superjob.ru/vakansii/barista-51958157.html,superjob
Помощник бариста,51958181,Бариста,Перекрёсток,Москва,65000.0,75000.0,70000.0,Без опыта,Неполный рабочий день,Не имеет значения,1779516712,https://www.superjob.ru/vakansii/barista-51958181.html,superjob
Помощник бариста,51941909,Официант (м. Строгино),"КуулКлевер (МясновЪ, Отдохни)",Москва,80000.0,,80000.0,Без опыта,Полный рабочий день,Не имеет значения,1779363371,https://www.superjob.ru/vakansii/oficiant-51941909.html,superjob
Помощник бариста,51958268,Ночной бариста-пекарь,Перекрёсток,Москва,80000.0,90000.0,85000.0,Без опыта,Полный рабочий день,Не имеет значения,1779516874,https://www.superjob.ru/vakansii/nochnoj-barista-pekar-51958268.html,superjob
Помощник бариста,51958274,Ночной бариста-пекарь,Перекрёсток,Москва,80000.0,90000.0,85000.0,Без опыта,Полный рабочий день,Не имеет значения,1779516889,https://www.superjob.ru/vakansii/nochnoj-barista-pekar-51958274.html,superjob
Помощник бариста,51958281,Ночной бариста,Перекрёсток,Москва,80000.0,90000.0,85000.0,Без опыта,Полный рабочий день,Не имеет значения,1779516911,https://www.superjob.ru/vakansii/nochnoj-barista-51958281.html,superjob
Помощник бариста,51958289,Ночной бариста-пекарь,Перекрёсток,Москва,80000.0,90000.0,85000.0,Без опыта,Полный рабочий день,Не имеет значения,1779516937,https://www.superjob.ru/vakansii/nochnoj-barista-pekar-51958289.html,superjob
Помощник бариста,51958302,Бариста,Перекрёсток,Москва,79100.0,82600.0,80850.0,Без опыта,Неполный рабочий день,Не имеет значения,1779516968,https://www.superjob.ru/vakansii/barista-51958302.html,superjob
Помощник бариста,51958320,Бариста,Перекрёсток,Москва,80000.0,84000.0,82000.0,Без опыта,Неполный рабочий день,Не имеет значения,1779517018,https://www.superjob.ru/vakansii/barista-51958320.html,superjob
Помощник бариста,51958326,Бариста,Перекрёсток,Москва,70000.0,80000.0,75000.0,Без опыта,Неполный рабочий день,Не имеет значения,1779517034,https://www.superjob.ru/vakansii/barista-51958326.html,superjob
Помощник бариста,51973537,Бариста,Перекрёсток,Москва,65000.0,75000.0,70000.0,Без опыта,Неполный рабочий день,Не имеет значения,1779516657,https://www.superjob.ru/vakansii/barista-51973537.html,superjob
Помощник бариста,51973551,Бариста,Перекрёсток,Москва,71500.0,86000.0,78750.0,Без опыта,Неполный рабочий день,Не имеет значения,1779516679,https://www.superjob.ru/vakansii/barista-51973551.html,superjob
Помощник бариста,51973655,Бариста,Перекрёсток,Москва,81400.0,85100.0,83250.0,Без опыта,Неполный рабочий день,Не имеет значения,1779516951,https://www.superjob.ru/vakansii/barista-51973655.html,superjob
Помощник бариста,51978635,Бариста,Консул медиа,Москва,113400.0,129600.0,121500.0,Без опыта,Сменный график работы,На территории работодателя,1779195327,https://www.superjob.ru/vakansii/barista-51978635.html,superjob
Помощник бариста,51982559,Бариста,Перекрёсток,Москва,81400.0,85100.0,83250.0,Без опыта,Неполный рабочий день,Не имеет значения,1779516986,https://www.superjob.ru/vakansii/barista-51982559.html,superjob
Помощник бариста,51984975,Бариста,Перекрёсток,Москва,78600.0,82100.0,80350.0,Без опыта,Неполный рабочий день,Не имеет значения,1779516585,https://www.superjob.ru/vakansii/barista-51984975.html,superjob
Помощник бариста,51985001,Бариста,Перекрёсток,Москва,78600.0,82100.0,80350.0,Без опыта,Неполный рабочий день,Не имеет значения,1779517001,https://www.superjob.ru/vakansii/barista-51985001.html,superjob
Помощник бариста,51896902,Бариста (м. Фрунзенская),ВкусВилл,Москва,65000.0,80000.0,72500.0,Без опыта,Полный рабочий день,Не имеет значения,1779538857,https://www.superjob.ru/vakansii/barista-51896902.html,superjob
Помощник бариста,51896905,Бариста (м. Тропарёво),ВкусВилл,Москва,75000.0,95000.0,85000.0,Без опыта,Полный рабочий день,Не имеет значения,1779538857,https://www.superjob.ru/vakansii/barista-51896905.html,superjob
Помощник бариста,51896908,Бариста (м. Серпуховская),ВкусВилл,Москва,,,,Без опыта,Полный рабочий день,Не имеет значения,1779538857,https://www.superjob.ru/vakansii/barista-51896908.html,superjob
Помощник бариста,51896913,Бариста (м. Полянка),ВкусВилл,Москва,75000.0,100000.0,87500.0,Без опыта,Полный рабочий день,Не имеет значения,1779538857,https://www.superjob.ru/vakansii/barista-51896913.html,superjob
Помощник бариста,51896917,Бариста (м. Парк культуры),ВкусВилл,Москва,75000.0,95000.0,85000.0,Без опыта,Полный рабочий день,Не имеет значения,1779538857,https://www.superjob.ru/vakansii/barista-51896917.html,superjob
Помощник бариста,51896921,Бариста (Московский),ВкусВилл,Москва,65000.0,80000.0,72500.0,Без опыта,Полный рабочий день,Не имеет значения,1779538858,https://www.superjob.ru/vakansii/barista-51896921.html,superjob
Помощник бариста,51896924,Бариста (м. Москва-Сити),ВкусВилл,Москва,80000.0,100000.0,90000.0,Без опыта,Полный рабочий день,Не имеет значения,1779538858,https://www.superjob.ru/vakansii/barista-51896924.html,superjob
Помощник бариста,51896932,Бариста (м. Ленинский проспект),ВкусВилл,Москва,70000.0,90000.0,80000.0,Без опыта,Полный рабочий день,Не имеет значения,1779538858,https://www.superjob.ru/vakansii/barista-51896932.html,superjob
Помощник бариста,51896938,Бариста (м. Говорово),ВкусВилл,Москва,80000.0,100000.0,90000.0,Без опыта,Полный рабочий день,Не имеет значения,1779538858,https://www.superjob.ru/vakansii/barista-51896938.html,superjob
Помощник бариста,51968024,Кухонный работник,Теремок - Инвест,Москва,93000.0,122000.0,107500.0,Без опыта,Полный рабочий день,Не имеет значения,1779460092,https://www.superjob.ru/vakansii/kuhonnyj-rabotnik-51968024.html,superjob
Помощник бариста,51985454,Бариста,Macaronika,Москва,60000.0,85000.0,72500.0,Без опыта,Полный рабочий день,Не имеет значения,1779434551,https://www.superjob.ru/vakansii/barista-51985454.html,superjob
Бариста,50923839,Менеджер кафетерия / Бариста (г.),Азбука вкуса,Москва,5500.0,,5500.0,Без опыта,Сменный график работы,Не имеет значения,1779536640,https://www.superjob.ru/vakansii/menedzher-kafeteriya-50923839.html,superjob
Бариста,50923846,Менеджер кафетерия / Бариста (м. Шелепиха),Азбука вкуса,Москва,5500.0,,5500.0,Без опыта,Сменный график работы,Не имеет значения,1779536580,https://www.superjob.ru/vakansii/menedzher-kafeteriya-50923846.html,superjob
Бариста,51672815,Бариста-кассир,Международный аэропорт Внуково,Москва,75000.0,,75000.0,От 1 года,Полный рабочий день,Не имеет значения,1779520320,https://www.superjob.ru/vakansii/barista-kassir-51672815.html,superjob
Бариста,51956698,Бариста-кондитер,Mumbl,Москва,5000.0,5200.0,5100.0,От 1 года,Полный рабочий день,Не имеет значения,1779026743,https://www.superjob.ru/vakansii/barista-konditer-51956698.html,superjob
Бариста,51968023,Повар-кассир,Теремок - Инвест,Москва,96340.0,144510.0,120425.0,Без опыта,Полный рабочий день,Не имеет значения,1779460080,https://www.superjob.ru/vakansii/povar-kassir-51968023.html,superjob
Бариста,51907660,Повар-кассир Теремок,Теремок - Инвест,Москва,96340.0,144510.0,120425.0,Без опыта,Полный рабочий день,Не имеет значения,1779445779,https://www.superjob.ru/vakansii/povar-kassir-teremok-51907660.html,superjob
Бариста,51919131,Повар-кассир,Теремок - Инвест,Москва,96340.0,144510.0,120425.0,Без опыта,Полный рабочий день,Не имеет значения,1779202189,https://www.superjob.ru/vakansii/povar-kassir-51919131.html,superjob
Бариста,51921917,Повар-кассир Теремок,Теремок - Инвест,Москва,96340.0,144510.0,120425.0,Без опыта,Полный рабочий день,Не имеет значения,1779284155,https://www.superjob.ru/vakansii/povar-kassir-teremok-51921917.html,superjob
Бариста,51924298,Повар-кассир Теремок,Теремок - Инвест,Москва,96340.0,144510.0,120425.0,Без опыта,Полный рабочий день,Не имеет значения,1779363575,https://www.superjob.ru/vakansii/povar-kassir-teremok-51924298.html,superjob
Бариста,51938522,Повар-кассир,Теремок - Инвест,Москва,96340.0,144510.0,120425.0,Без опыта,Полный рабочий день,Не имеет значения,1779272429,https://www.superjob.ru/vakansii/povar-kassir-51938522.html,superjob
Бариста,51939143,Повар-кассир,Теремок - Инвест,Москва,96340.0,144510.0,120425.0,Без опыта,Полный рабочий день,Не имеет значения,1779287955,https://www.superjob.ru/vakansii/povar-kassir-51939143.html,superjob
Бариста,51942267,Повар-кассир Теремок,Теремок - Инвест,Москва,96340.0,144510.0,120425.0,Без опыта,Полный рабочий день,Не имеет значения,1779367450,https://www.superjob.ru/vakansii/povar-kassir-teremok-51942267.html,superjob
Бариста,51954477,Повар-кассир Теремок,Теремок - Инвест,Москва,96340.0,144510.0,120425.0,Без опыта,Полный рабочий день,Не имеет значения,1779456434,https://www.superjob.ru/vakansii/povar-kassir-teremok-51954477.html,superjob
Бариста,51959913,Повар-кассир,Теремок - Инвест,Москва,96340.0,144510.0,120425.0,Без опыта,Полный рабочий день,Не имеет значения,1779200210,https://www.superjob.ru/vakansii/povar-kassir-51959913.html,superjob
Бариста,51959917,Повар-кассир,Теремок - Инвест,Москва,96340.0,144510.0,120425.0,Без опыта,Полный рабочий день,Не имеет значения,1779200268,https://www.superjob.ru/vakansii/povar-kassir-51959917.html,superjob
Бариста,51962403,Повар-кассир,Теремок - Инвест,Москва,96340.0,144510.0,120425.0,Без опыта,Полный рабочий день,Не имеет значения,1779282248,https://www.superjob.ru/vakansii/povar-kassir-51962403.html,superjob
Бариста,51964812,Повар-кассир,Теремок - Инвест,Москва,96340.0,144510.0,120425.0,Без опыта,Полный рабочий день,Не имеет значения,1779356178,https://www.superjob.ru/vakansii/povar-kassir-51964812.html,superjob
Бариста,51966134,Повар-кассир,Теремок - Инвест,Москва,96340.0,144510.0,120425.0,Без опыта,Полный рабочий день,Не имеет значения,1779375951,https://www.superjob.ru/vakansii/povar-kassir-51966134.html,superjob
Бариста,51981652,Повар-кассир,Теремок - Инвест,Москва,96340.0,144510.0,120425.0,Без опыта,Полный рабочий день,Не имеет значения,1779283262,https://www.superjob.ru/vakansii/povar-kassir-51981652.html,superjob
Бариста,51981830,Повар-кассир,Теремок - Инвест,Москва,96340.0,144510.0,120425.0,Без опыта,Полный рабочий день,Не имеет значения,1779288230,https://www.superjob.ru/vakansii/povar-kassir-51981830.html,superjob
Бариста,51984118,Повар-кассир,Теремок - Инвест,Москва,96340.0,144510.0,120425.0,Без опыта,Полный рабочий день,Не имеет значения,1779368019,https://www.superjob.ru/vakansii/povar-kassir-51984118.html,superjob
Бариста,51985407,Повар-кассир Теремок,Теремок - Инвест,Москва,96340.0,144510.0,120425.0,Без опыта,Полный рабочий день,Не имеет значения,1779434082,https://www.superjob.ru/vakansii/povar-kassir-teremok-51985407.html,superjob
Бариста,51985739,Повар-кассир,Теремок - Инвест,Москва,96340.0,144510.0,120425.0,Без опыта,Полный рабочий день,Не имеет значения,1779440451,https://www.superjob.ru/vakansii/povar-kassir-51985739.html,superjob
Бариста,51986246,Повар-кассир,Теремок - Инвест,Москва,96340.0,144510.0,120425.0,Без опыта,Полный рабочий день,Не имеет значения,1779451441,https://www.superjob.ru/vakansii/povar-kassir-51986246.html,superjob
Бариста,51986513,Повар-кассир,Теремок - Инвест,Москва,96340.0,144510.0,120425.0,Без опыта,Полный рабочий день,Не имеет значения,1779459896,https://www.superjob.ru/vakansii/povar-kassir-51986513.html,superjob
Бариста,51938419,Бармен-кассир в кафе,Клиент №4966764,Москва,360.0,,360.0,От 1 года,Частичная занятость / Совместительство,Не имеет значения,1779283169,https://www.superjob.ru/vakansii/barmen-kassir-v-kafe-51938419.html,superjob
Бариста,50963394,Бармен в ресторан (м. Строгино),"КуулКлевер (МясновЪ, Отдохни)",Москва,80000.0,100000.0,90000.0,От 1 года,Сменный график работы,Не имеет значения,1779363229,https://www.superjob.ru/vakansii/barmen-v-restoran-50963394.html,superjob
Бариста,51878081,Официант кафе Дом ученых,"""НМИЦ онкологии им. Н. Н. Блохина"" Минздрава России",Москва,75000.0,75000.0,75000.0,Без опыта,Полный рабочий день,Не имеет значения,1779363967,https://www.superjob.ru/vakansii/oficiant-kafe-dom-uchenyh-51878081.html,superjob
Бариста,49762204,Бармен-официант (г. Москва),Азбука вкуса,Москва,89400.0,,89400.0,Без опыта,Полный рабочий день,Не имеет значения,1779536640,https://www.superjob.ru/vakansii/barmen-oficiant-49762204.html,superjob
Бариста,51078539,Официант-бармен,Международный аэропорт Внуково,Москва,75000.0,,75000.0,Без опыта,Полный рабочий день,Не имеет значения,1779526740,https://www.superjob.ru/vakansii/oficiant-barmen-51078539.html,superjob
Бариста,51923222,Мобильный менеджер кафе,Перекрёсток,Москва,85000.0,95000.0,90000.0,Без опыта,Полный рабочий день,Не имеет значения,1779517971,https://www.superjob.ru/vakansii/mobilnyj-menedzher-kafe-51923222.html,superjob
Бариста,51923373,Менеджер кафе,Перекрёсток,Москва,80000.0,90000.0,85000.0,Без опыта,Полный рабочий день,Не имеет значения,1779519259,https://www.superjob.ru/vakansii/menedzher-kafe-51923373.html,superjob
Бариста,51937455,Менеджер кафе,Перекрёсток,Москва,89700.0,93500.0,91600.0,Без опыта,Полный рабочий день,Не имеет значения,1779517762,https://www.superjob.ru/vakansii/menedzher-kafe-51937455.html,superjob
Бариста,51940524,Менеджер кафе,Перекрёсток,Москва,89200.0,93000.0,91100.0,Без опыта,Полный рабочий день,Не имеет значения,1779517644,https://www.superjob.ru/vakansii/menedzher-kafe-51940524.html,superjob
Бариста,51940545,Менеджер кафе,Перекрёсток,Москва,89000.0,93000.0,91000.0,Без опыта,Полный рабочий день,Не имеет значения,1779517694,https://www.superjob.ru/vakansii/menedzher-kafe-51940545.html,superjob
Бариста,51976689,Менеджер кафе,Перекрёсток,Москва,95900.0,100000.0,97950.0,Без опыта,Полный рабочий день,Не имеет значения,1779517631,https://www.superjob.ru/vakansii/menedzher-kafe-51976689.html,superjob
Бариста,51976691,Менеджер кафе,Перекрёсток,Москва,88700.0,92500.0,90600.0,Без опыта,Полный рабочий день,Не имеет значения,1779517639,https://www.superjob.ru/vakansii/menedzher-kafe-51976691.html,superjob
Бариста,51127115,Окулист / Офтальмолог,ПОЛИКЛИНИКА №2 БОРИСОВКА,Москва,100000.0,150000.0,125000.0,От 1 года,Частичная занятость / Совместительство,Не имеет значения,1779455108,https://www.superjob.ru/vakansii/okulist-51127115.html,superjob
Бариста,51934069,Менеджер кафе,Перекрёсток,Москва,91600.0,95500.0,93550.0,Без опыта,Полный рабочий день,Не имеет значения,1779517341,https://www.superjob.ru/vakansii/menedzher-kafe-51934069.html,superjob
Бариста,51934095,Менеджер кафе,Перекрёсток,Москва,66000.0,92400.0,79200.0,Без опыта,Полный рабочий день,Не имеет значения,1779517489,https://www.superjob.ru/vakansii/menedzher-kafe-51934095.html,superjob
Бариста,51934105,Менеджер кафе,Перекрёсток,Москва,90000.0,94000.0,92000.0,Без опыта,Полный рабочий день,Не имеет значения,1779517535,https://www.superjob.ru/vakansii/menedzher-kafe-51934105.html,superjob
Бариста,51937321,Менеджер кафе,Перекрёсток,Москва,90000.0,95000.0,92500.0,Без опыта,Полный рабочий день,Не имеет значения,1779517352,https://www.superjob.ru/vakansii/menedzher-kafe-51937321.html,superjob
Бариста,51937359,Менеджер кафе,Перекрёсток,Москва,91000.0,95000.0,93000.0,Без опыта,Полный рабочий день,Не имеет значения,1779517436,https://www.superjob.ru/vakansii/menedzher-kafe-51937359.html,superjob
Бариста,51937371,Менеджер кафе,Перекрёсток,Москва,80000.0,90000.0,85000.0,Без опыта,Полный рабочий день,Не имеет значения,1779517463,https://www.superjob.ru/vakansii/menedzher-kafe-51937371.html,superjob
Бариста,51937413,Менеджер кафе,Перекрёсток,Москва,75000.0,85000.0,80000.0,Без опыта,Полный рабочий день,Не имеет значения,1779517574,https://www.superjob.ru/vakansii/menedzher-kafe-51937413.html,superjob
Бариста,51963798,Менеджер кафе,Перекрёсток,Москва,66000.0,92400.0,79200.0,Без опыта,Полный рабочий день,Не имеет значения,1779517313,https://www.superjob.ru/vakansii/menedzher-kafe-51963798.html,superjob
Бариста,51963863,Менеджер кафе,Перекрёсток,Москва,80000.0,90000.0,85000.0,Без опыта,Полный рабочий день,Не имеет значения,1779517405,https://www.superjob.ru/vakansii/menedzher-kafe-51963863.html,superjob
Бариста,51976674,Менеджер кафе,Перекрёсток,Москва,83000.0,89000.0,86000.0,Без опыта,Полный рабочий день,Не имеет значения,1779517546,https://www.superjob.ru/vakansii/menedzher-kafe-51976674.html,superjob
Бариста,51921367,Бармен в ресторан м Белорусская,Major Agro,Москва,100000.0,,100000.0,От 1 года,Полный рабочий день,Не имеет значения,1779267585,https://www.superjob.ru/vakansii/barmen-v-restoran-m-belorusskaya-51921367.html,superjob
Менеджер,51869625,Менеджер в приемную комиссию,СИНЕРГИЯ,Москва,70000.0,70000.0,70000.0,Без опыта,Полный рабочий день,Не имеет значения,1779520832,https://www.superjob.ru/vakansii/menedzher-v-priemnuyu-komissiyu-51869625.html,superjob
Менеджер,51913501,Менеджер кафе,Перекрёсток,Москва,89700.0,93500.0,91600.0,Без опыта,Полный рабочий день,Не имеет значения,1779516599,https://www.superjob.ru/vakansii/menedzher-kafe-51913501.html,superjob
Менеджер,51913636,Менеджер кафе,Перекрёсток,Москва,95400.0,99500.0,97450.0,Без опыта,Полный рабочий день,Не имеет значения,1779517165,https://www.superjob.ru/vakansii/menedzher-kafe-51913636.html,superjob
Менеджер,51913645,Менеджер кафе,Перекрёсток,Москва,90000.0,95000.0,92500.0,Без опыта,Полный рабочий день,Не имеет значения,1779517221,https://www.superjob.ru/vakansii/menedzher-kafe-51913645.html,superjob
Менеджер,51920542,Менеджер кафе и пекарни,Перекрёсток,Москва,85000.0,90000.0,87500.0,Без опыта,Полный рабочий день,Не имеет значения,1779517174,https://www.superjob.ru/vakansii/menedzher-kafe-i-pekarni-51920542.html,superjob
Менеджер,51920554,Менеджер кафе,Перекрёсток,Москва,70000.0,80000.0,75000.0,Без опыта,Полный рабочий день,Не имеет значения,1779517237,https://www.superjob.ru/vakansii/menedzher-kafe-51920554.html,superjob
Менеджер,51933999,Менеджер кафе,Перекрёсток,Москва,75000.0,85000.0,80000.0,Без опыта,Полный рабочий день,Не имеет значения,1779517082,https://www.superjob.ru/vakansii/menedzher-kafe-51933999.html,superjob
Менеджер,51940229,Мобильный менеджер кафе,Перекрёсток,Москва,90000.0,95000.0,92500.0,Без опыта,Полный рабочий день,Не имеет значения,1779517019,https://www.superjob.ru/vakansii/mobilnyj-menedzher-kafe-51940229.html,superjob
Менеджер,51940330,Менеджер кафе,Перекрёсток,Москва,90000.0,94000.0,92000.0,Без опыта,Полный рабочий день,Не имеет значения,1779517202,https://www.superjob.ru/vakansii/menedzher-kafe-51940330.html,superjob
Менеджер,51958330,Менеджер кафе,Перекрёсток,Москва,80000.0,90000.0,85000.0,Без опыта,Полный рабочий день,Не имеет значения,1779517045,https://www.superjob.ru/vakansii/menedzher-kafe-51958330.html,superjob
Менеджер,51963669,Менеджер кафе,Перекрёсток,Москва,92500.0,96500.0,94500.0,Без опыта,Полный рабочий день,Не имеет значения,1779517138,https://www.superjob.ru/vakansii/menedzher-kafe-51963669.html,superjob
Менеджер,51966554,Менеджер кафе,Перекрёсток,Москва,88700.0,92500.0,90600.0,Без опыта,Полный рабочий день,Не имеет значения,1779516568,https://www.superjob.ru/vakansii/menedzher-kafe-51966554.html,superjob
Менеджер,51966566,Мобильный менеджер кафе,Перекрёсток,Москва,85000.0,95000.0,90000.0,Без опыта,Полный рабочий день,Не имеет значения,1779516591,https://www.superjob.ru/vakansii/mobilnyj-menedzher-kafe-51966566.html,superjob
Менеджер,51966570,Менеджер кафе,Перекрёсток,Москва,90600.0,94500.0,92550.0,Без опыта,Полный рабочий день,Не имеет значения,1779516598,https://www.superjob.ru/vakansii/menedzher-kafe-51966570.html,superjob
Менеджер,51973557,Менеджер кафе,Перекрёсток,Москва,91600.0,95500.0,93550.0,Без опыта,Полный рабочий день,Не имеет значения,1779516690,https://www.superjob.ru/vakansii/menedzher-kafe-51973557.html,superjob
Менеджер,51973589,Мобильный менеджер кафе,Перекрёсток,Москва,85000.0,90000.0,87500.0,Без опыта,Полный рабочий день,Не имеет значения,1779516739,https://www.superjob.ru/vakansii/mobilnyj-menedzher-kafe-51973589.html,superjob
Менеджер,51980027,Менеджер кафе,Перекрёсток,Москва,80000.0,90000.0,85000.0,Без опыта,Полный рабочий день,Не имеет значения,1779517023,https://www.superjob.ru/vakansii/menedzher-kafe-51980027.html,superjob
Менеджер,51980063,Мобильный менеджер кафе,Перекрёсток,Москва,85000.0,90000.0,87500.0,Без опыта,Полный рабочий день,Не имеет значения,1779517107,https://www.superjob.ru/vakansii/mobilnyj-menedzher-kafe-51980063.html,superjob
Менеджер,51982626,Менеджер кафе,Перекрёсток,Москва,89200.0,93000.0,91100.0,Без опыта,Полный рабочий день,Не имеет значения,1779517201,https://www.superjob.ru/vakansii/menedzher-kafe-51982626.html,superjob
Менеджер,51029213,Менеджер бизнес зала,Международный аэропорт Внуково,Москва,10200.0,,10200.0,От 1 года,Сменный график работы,Не имеет значения,1779519600,https://www.superjob.ru/vakansii/menedzher-biznes-zala-51029213.html,superjob
Менеджер,51908022,Помощник менеджера в отдел продаж,"ООО ""ФЕНИКС""",Москва,80000.0,150000.0,115000.0,Без опыта,Полный рабочий день,Не имеет значения,1779458277,https://www.superjob.ru/vakansii/pomoschnik-menedzhera-v-otdel-prodazh-51908022.html,superjob
Менеджер,51913502,Старший менеджер минимаркета,Перекрёсток,Москва,65000.0,85000.0,75000.0,Без опыта,Полный рабочий день,Не имеет значения,1779516612,https://www.superjob.ru/vakansii/starshij-menedzher-minimarketa-51913502.html,superjob
Менеджер,51913503,Старший менеджер минимаркета,Перекрёсток,Москва,79300.0,85000.0,82150.0,Без опыта,Полный рабочий день,Не имеет значения,1779516632,https://www.superjob.ru/vakansii/starshij-menedzher-minimarketa-51913503.html,superjob
Менеджер,51913504,Старший менеджер минимаркета,Перекрёсток,Москва,,79300.0,79300.0,Без опыта,Полный рабочий день,Не имеет значения,1779516637,https://www.superjob.ru/vakansii/starshij-menedzher-minimarketa-51913504.html,superjob
Менеджер,51923348,Старший менеджер минимаркета,Перекрёсток,Москва,75000.0,85000.0,80000.0,Без опыта,Полный рабочий день,Не имеет значения,1779519087,https://www.superjob.ru/vakansii/starshij-menedzher-minimarketa-51923348.html,superjob
Менеджер,51932209,Старший менеджер минимаркета,Перекрёсток,Москва,79300.0,85500.0,82400.0,Без опыта,Полный рабочий день,Не имеет значения,1779523905,https://www.superjob.ru/vakansii/starshij-menedzher-minimarketa-51932209.html,superjob
Менеджер,51932391,Старший менеджер минимаркета,Перекрёсток,Москва,79200.0,85400.0,82300.0,Без опыта,Полный рабочий день,Не имеет значения,1779524411,https://www.superjob.ru/vakansii/starshij-menedzher-minimarketa-51932391.html,superjob
Менеджер,51982603,Старший менеджер минимаркета,Перекрёсток,Москва,79500.0,85600.0,82550.0,Без опыта,Полный рабочий день,Не имеет значения,1779517136,https://www.superjob.ru/vakansii/starshij-menedzher-minimarketa-51982603.html,superjob
Менеджер,51982621,Старший менеджер минимаркета,Перекрёсток,Москва,74000.0,79000.0,76500.0,Без опыта,Полный рабочий день,Не имеет значения,1779517183,https://www.superjob.ru/vakansii/starshij-menedzher-minimarketa-51982621.html,superjob
Менеджер,51915810,Работник ресторана в кафе,Теремок - Инвест,Москва,88960.0,133440.0,111200.0,Без опыта,Полный рабочий день,Не имеет значения,1779114092,https://www.superjob.ru/vakansii/rabotnik-restorana-v-kafe-51915810.html,superjob
Менеджер,51921368,Менеджер по работе с партнерами,Образовательный холдинг СИНЕРГИЯ,Москва,80000.0,100000.0,90000.0,От 1 года,Полный рабочий день,Не имеет значения,1779267689,https://www.superjob.ru/vakansii/menedzher-po-rabote-s-partnerami-51921368.html,superjob
Менеджер,51935641,Работник ресторана в кафе,Теремок - Инвест,Москва,88960.0,133440.0,111200.0,Без опыта,Полный рабочий день,Не имеет значения,1779195890,https://www.superjob.ru/vakansii/rabotnik-restorana-v-kafe-51935641.html,superjob
Менеджер,51959922,Работник ресторана в кафе,Теремок - Инвест,Москва,88960.0,133440.0,111200.0,Без опыта,Полный рабочий день,Не имеет значения,1779200314,https://www.superjob.ru/vakansii/rabotnik-restorana-v-kafe-51959922.html,superjob
Менеджер,51962411,Работник ресторана в кафе,Теремок - Инвест,Москва,88960.0,133440.0,111200.0,Без опыта,Полный рабочий день,Не имеет значения,1779282509,https://www.superjob.ru/vakansii/rabotnik-restorana-v-kafe-51962411.html,superjob
Менеджер,51964795,Работник ресторана в кафе,Теремок - Инвест,Москва,88960.0,133440.0,111200.0,Без опыта,Полный рабочий день,Не имеет значения,1779356141,https://www.superjob.ru/vakansii/rabotnik-restorana-v-kafe-51964795.html,superjob
Менеджер,51966137,Работник ресторана в кафе,Теремок - Инвест,Москва,88960.0,133440.0,111200.0,Без опыта,Полный рабочий день,Не имеет значения,1779376011,https://www.superjob.ru/vakansii/rabotnik-restorana-v-kafe-51966137.html,superjob
Менеджер,51967243,Работник ресторана в кафе,Теремок - Инвест,Москва,88960.0,133440.0,111200.0,Без опыта,Полный рабочий день,Не имеет значения,1779440721,https://www.superjob.ru/vakansii/rabotnik-restorana-v-kafe-51967243.html,superjob
Менеджер,51968026,Работник ресторана в кафе,Теремок - Инвест,Москва,88960.0,133440.0,111200.0,Без опыта,Полный рабочий день,Не имеет значения,1779460118,https://www.superjob.ru/vakansii/rabotnik-restorana-v-kafe-51968026.html,superjob
Менеджер,51974281,"Менеджер по продажам в HoReCa (полный цикл, работа со своей базой)",МЕГАКОМ,Москва,,,,От 3 лет,Полный рабочий день,Не имеет значения,1779269160,https://www.superjob.ru/vakansii/menedzher-po-prodazham-v-horeca-51974281.html,superjob
Менеджер,51975159,Работник ресторана в кафе,Теремок - Инвест,Москва,88960.0,133440.0,111200.0,Без опыта,Полный рабочий день,Не имеет значения,1779112289,https://www.superjob.ru/vakansii/rabotnik-restorana-v-kafe-51975159.html,superjob
Менеджер,51975193,Работник ресторана в кафе,Теремок - Инвест,Москва,88960.0,133440.0,111200.0,Без опыта,Полный рабочий день,Не имеет значения,1779114872,https://www.superjob.ru/vakansii/rabotnik-restorana-v-kafe-51975193.html,superjob
Менеджер,51981649,Работник ресторана в кафе,Теремок - Инвест,Москва,88960.0,133440.0,111200.0,Без опыта,Полный рабочий день,Не имеет значения,1779283246,https://www.superjob.ru/vakansii/rabotnik-restorana-v-kafe-51981649.html,superjob
Менеджер,51981815,Работник ресторана в кафе,Теремок - Инвест,Москва,88960.0,133440.0,111200.0,Без опыта,Полный рабочий день,Не имеет значения,1779288074,https://www.superjob.ru/vakansii/rabotnik-restorana-v-kafe-51981815.html,superjob
Менеджер,51983861,Работник ресторана в кафе,Теремок - Инвест,Москва,88960.0,133440.0,111200.0,Без опыта,Полный рабочий день,Не имеет значения,1779358661,https://www.superjob.ru/vakansii/rabotnik-restorana-v-kafe-51983861.html,superjob
Менеджер,51984012,Работник ресторана в кафе,Теремок - Инвест,Москва,88960.0,133440.0,111200.0,Без опыта,Полный рабочий день,Не имеет значения,1779364170,https://www.superjob.ru/vakansii/rabotnik-restorana-v-kafe-51984012.html,superjob
Менеджер,51984016,Работник ресторана в кафе,Теремок - Инвест,Москва,88960.0,133440.0,111200.0,Без опыта,Полный рабочий день,Не имеет значения,1779364234,https://www.superjob.ru/vakansii/rabotnik-restorana-v-kafe-51984016.html,superjob
Менеджер,51985733,Работник ресторана в кафе,Теремок - Инвест,Москва,88960.0,133440.0,111200.0,Без опыта,Полный рабочий день,Не имеет значения,1779440398,https://www.superjob.ru/vakansii/rabotnik-restorana-v-kafe-51985733.html,superjob
Менеджер,51985947,Работник ресторана в кафе,Теремок - Инвест,Москва,88960.0,133440.0,111200.0,Без опыта,Полный рабочий день,Не имеет значения,1779443589,https://www.superjob.ru/vakansii/rabotnik-restorana-v-kafe-51985947.html,superjob
Менеджер,51986250,Работник ресторана в кафе,Теремок - Инвест,Москва,88960.0,133440.0,111200.0,Без опыта,Полный рабочий день,Не имеет значения,1779451503,https://www.superjob.ru/vakansii/rabotnik-restorana-v-kafe-51986250.html,superjob
Менеджер,51986448,Работник ресторана в кафе,Теремок - Инвест,Москва,88960.0,133440.0,111200.0,Без опыта,Полный рабочий день,Не имеет значения,1779458180,https://www.superjob.ru/vakansii/rabotnik-restorana-v-kafe-51986448.html,superjob
Менеджер,51984249,Администратор в автосалон (хостес),Major Auto (Мэйджор Авто),Москва,,50000.0,50000.0,Без опыта,Полный рабочий день,Не имеет значения,1779371033,https://www.superjob.ru/vakansii/administrator-v-avtosalon-51984249.html,superjob
Менеджер,51987817,Администратор клиентской службы,СИНЕРГИЯ,Москва,70000.0,70000.0,70000.0,Без опыта,Полный рабочий день,Не имеет значения,1779546935,https://www.superjob.ru/vakansii/administrator-klientskoj-sluzhby-51987817.html,superjob
Менеджер,50125134,Администратор зала,Мобил. Мед,Москва,65000.0,70000.0,67500.0,Без опыта,Полный рабочий день,Не имеет значения,1779543360,https://www.superjob.ru/vakansii/administrator-zala-50125134.html,superjob
Менеджер,50946094,Администратор,Образовательный холдинг СИНЕРГИЯ,Москва,70000.0,70000.0,70000.0,Без опыта,Сменный график работы,Не имеет значения,1779031774,https://www.superjob.ru/vakansii/administrator-50946094.html,superjob
Менеджер,51766024,Менеджер ресторана быстрого питания,ТАЙ ПОИНТ,Москва,90000.0,,90000.0,От 3 лет,Полный рабочий день,Не имеет значения,1779458703,https://www.superjob.ru/vakansii/menedzher-restorana-bystrogo-pitaniya-51766024.html,superjob
Менеджер,51938539,Работник ресторана в кафе,Теремок - Инвест,Москва,86000.0,129000.0,107500.0,Без опыта,Полный рабочий день,Не имеет значения,1779272808,https://www.superjob.ru/vakansii/rabotnik-restorana-v-kafe-51938539.html,superjob
Уборщик,51964257,Мойщик посуды в столовую 5/2,Консул медиа,Москва,58000.0,,58000.0,Без опыта,Полный рабочий день,Не имеет значения,1779348143,https://www.superjob.ru/vakansii/mojschik-posudy-v-stolovuyu-5-51964257.html,superjob
Уборщик,50081857,Мойщица посуды,«Корпорация «Комета»,Москва,,80000.0,80000.0,Без опыта,Полный рабочий день,Не имеет значения,1779447492,https://www.superjob.ru/vakansii/mojschica-posudy-50081857.html,superjob
Уборщик,51029451,Мойщик посуды,Международный аэропорт Внуково,Москва,84700.0,,84700.0,Без опыта,Полный рабочий день,Не имеет значения,1779526800,https://www.superjob.ru/vakansii/mojschik-posudy-51029451.html,superjob
Уборщик,51029164,Мойщик посуды,Международный аэропорт Внуково,Москва,10000.0,,10000.0,Без опыта,Полный рабочий день,Не имеет значения,1779526800,https://www.superjob.ru/vakansii/mojschik-posudy-51029164.html,superjob
Уборщик,51209076,Мойщица/Мойщик посуды,Международный Аэропорт Внуково,Москва,77000.0,,77000.0,Без опыта,Сменный график работы,Не имеет значения,1779519660,https://www.superjob.ru/vakansii/mojschica-51209076.html,superjob
Уборщик,51554363,Мойщик посуды,Международный аэропорт Внуково,Москва,70000.0,,70000.0,Без опыта,Полный рабочий день,Не имеет значения,1779520320,https://www.superjob.ru/vakansii/mojschik-posudy-51554363.html,superjob
Уборщик,51686029,Мойщик посуды и оборудования в бизнес-зал,Московский аэропорт Домодедово,Москва,75000.0,,75000.0,Без опыта,Полный рабочий день,Не имеет значения,1779533404,https://www.superjob.ru/vakansii/mojschik-posudy-i-oborudovaniya-v-biznes-zal-51686029.html,superjob
Уборщик,51918163,"Рабочий на кухню, посудомойщица, уборщица",Детский медицинский центр Управления делами Президента РФ,Москва,60000.0,,60000.0,Без опыта,Сменный график работы,Не имеет значения,1779198105,https://www.superjob.ru/vakansii/rabochij-na-kuhnyu-51918163.html,superjob
Уборщик,51965578,Мойщик посуды кафе Дом ученых,"""НМИЦ онкологии им. Н. Н. Блохина"" Минздрава России",Москва,70000.0,70000.0,70000.0,Без опыта,Полный рабочий день,Не имеет значения,1779365203,https://www.superjob.ru/vakansii/mojschik-posudy-kafe-dom-uchenyh-51965578.html,superjob
Уборщик,51924498,Котломойщик,Индивидуальный предприниматель Лазарев Роман Николаевич,Москва,72000.0,120000.0,96000.0,От 1 года,Полный рабочий день,Не имеет значения,1779372413,https://www.superjob.ru/vakansii/kotlomojschik-51924498.html,superjob
Уборщик,51941732,Мойщик автомобилей,Major Auto (Мэйджор Авто),Москва,55000.0,55000.0,55000.0,Без опыта,Полный рабочий день,Не имеет значения,1779359248,https://www.superjob.ru/vakansii/mojschik-avtomobilej-51941732.html,superjob
Уборщик,51941735,Мойщик автомобилей в автосалон,Major Auto (Мэйджор Авто),Москва,55000.0,,55000.0,Без опыта,Полный рабочий день,Не имеет значения,1779359304,https://www.superjob.ru/vakansii/mojschik-avtomobilej-v-avtosalon-51941735.html,superjob
Уборщик,51966516,Котломойщик / Котломойщица,«НМИЦ ДГОИ им. Дмитрия Рогачева» Минздрава России,Москва,70000.0,75000.0,72500.0,Без опыта,Полный рабочий день,Не имеет значения,1779522480,https://www.superjob.ru/vakansii/kotlomojschik-51966516.html,superjob
Уборщик,51981588,Помощник официанта (ранер) в ресторан Кухня Полли (м. Строгино),"КуулКлевер (МясновЪ, Отдохни)",Москва,35000.0,45000.0,40000.0,Без опыта,Полный рабочий день,Не имеет значения,1779280528,https://www.superjob.ru/vakansii/pomoschnik-oficianta-51981588.html,superjob
Уборщик,29649847,Кухонный рабочий,Детский санаторий №15,Москва,60000.0,70000.0,65000.0,Без опыта,Полный рабочий день,Не имеет значения,1779526800,https://www.superjob.ru/vakansii/kuhonnyj-rabochij-29649847.html,superjob
Уборщик,40754676,Оператор моечного комплекса / Мойщик автомобилей,Государственное транспортное автопредприятие,Москва,55000.0,85000.0,70000.0,Без опыта,Полный рабочий день,Не имеет значения,1779103706,https://www.superjob.ru/vakansii/operator-moechnogo-kompleksa-40754676.html,superjob
Уборщик,51782850,Грузчик-котломойщик,Образовательный холдинг СИНЕРГИЯ,Москва,85000.0,85000.0,85000.0,От 1 года,Полный рабочий день,Не имеет значения,1779352411,https://www.superjob.ru/vakansii/gruzchik-kotlomojschik-51782850.html,superjob
Уборщик,51847748,Работник кухни в супермаркете,ООО АШАН,Москва,,71700.0,71700.0,Без опыта,Полный рабочий день,Не имеет значения,1779523825,https://www.superjob.ru/vakansii/rabotnik-kuhni-v-supermarkete-51847748.html,superjob
Уборщик,51860677,Работник кухни,ООО АШАН,Москва,,71700.0,71700.0,Без опыта,Полный рабочий день,Не имеет значения,1779543012,https://www.superjob.ru/vakansii/rabotnik-kuhni-51860677.html,superjob
Уборщик,51860766,Работник кухни,ООО АШАН,Москва,,71700.0,71700.0,Без опыта,Полный рабочий день,Не имеет значения,1779544600,https://www.superjob.ru/vakansii/rabotnik-kuhni-51860766.html,superjob
Уборщик,51907659,Кухонный работник в цех,Теремок - Инвест,Москва,93000.0,122000.0,107500.0,Без опыта,Полный рабочий день,Не имеет значения,1779445767,https://www.superjob.ru/vakansii/kuhonnyj-rabotnik-v-ceh-51907659.html,superjob
Уборщик,51918930,Кухонный рабочий (на лето),ГБУЗ ДС 45 для детей с гастроэнтерологической патологией ДЗМ,Москва,,,,Без опыта,Частичная занятость / Совместительство,Не имеет значения,1779195628,https://www.superjob.ru/vakansii/kuhonnyj-rabochij-51918930.html,superjob
Уборщик,51921907,Кухонный работник,ООО АШАН,Москва,,71700.0,71700.0,Без опыта,Полный рабочий день,Не имеет значения,1779542353,https://www.superjob.ru/vakansii/kuhonnyj-rabotnik-51921907.html,superjob
Уборщик,51921920,Кухонный работник в пищевой цех,Теремок - Инвест,Москва,93000.0,122000.0,107500.0,Без опыта,Полный рабочий день,Не имеет значения,1779284188,https://www.superjob.ru/vakansii/kuhonnyj-rabotnik-v-pischevoj-ceh-51921920.html,superjob
Уборщик,51921933,Кухонный работник,Теремок - Инвест,Москва,93000.0,122000.0,107500.0,Без опыта,Полный рабочий день,Не имеет значения,1779284497,https://www.superjob.ru/vakansii/kuhonnyj-rabotnik-51921933.html,superjob
Уборщик,51921956,Кухонный рабочий,ОЦДОК,Москва,61267.0,61267.0,61267.0,Без опыта,Полный рабочий день,Не имеет значения,1779190090,https://www.superjob.ru/vakansii/kuhonnyj-rabochij-51921956.html,superjob
Уборщик,51924284,Кухонный работник на производство,Теремок - Инвест,Москва,93000.0,122000.0,107500.0,Без опыта,Полный рабочий день,Не имеет значения,1779363309,https://www.superjob.ru/vakansii/kuhonnyj-rabotnik-na-proizvodstvo-51924284.html,superjob
Уборщик,51939146,Кухонный работник в пищевой цех,Теремок - Инвест,Москва,93000.0,122000.0,107500.0,Без опыта,Полный рабочий день,Не имеет значения,1779287968,https://www.superjob.ru/vakansii/kuhonnyj-rabotnik-v-pischevoj-ceh-51939146.html,superjob
Уборщик,51942269,Кухонный работник на производство,Теремок - Инвест,Москва,93000.0,122000.0,107500.0,Без опыта,Полный рабочий день,Не имеет значения,1779367533,https://www.superjob.ru/vakansii/kuhonnyj-rabotnik-na-proizvodstvo-51942269.html,superjob
Уборщик,51942625,Кухонный работник на производство,Теремок - Инвест,Москва,93000.0,122000.0,107500.0,Без опыта,Полный рабочий день,Не имеет значения,1779375400,https://www.superjob.ru/vakansii/kuhonnyj-rabotnik-na-proizvodstvo-51942625.html,superjob
Уборщик,51954478,Кухонный работник в цех,Теремок - Инвест,Москва,93000.0,122000.0,107500.0,Без опыта,Полный рабочий день,Не имеет значения,1779456447,https://www.superjob.ru/vakansii/kuhonnyj-rabotnik-v-ceh-51954478.html,superjob
Уборщик,51954500,Кухонный работник в цех,Теремок - Инвест,Москва,93000.0,122000.0,107500.0,Без опыта,Полный рабочий день,Не имеет значения,1779457274,https://www.superjob.ru/vakansii/kuhonnyj-rabotnik-v-ceh-51954500.html,superjob
Уборщик,51964810,Кухонный работник в пищевой цех,Теремок - Инвест,Москва,93000.0,122000.0,107500.0,Без опыта,Полный рабочий день,Не имеет значения,1779356167,https://www.superjob.ru/vakansii/kuhonnyj-rabotnik-v-pischevoj-ceh-51964810.html,superjob
Уборщик,51966135,Кухонный работник,Теремок - Инвест,Москва,93000.0,122000.0,107500.0,Без опыта,Полный рабочий день,Не имеет значения,1779375967,https://www.superjob.ru/vakansii/kuhonnyj-rabotnik-51966135.html,superjob
Уборщик,51983908,Кухонный работник в пищевой цех,Теремок - Инвест,Москва,93000.0,122000.0,107500.0,Без опыта,Полный рабочий день,Не имеет значения,1779360926,https://www.superjob.ru/vakansii/kuhonnyj-rabotnik-v-pischevoj-ceh-51983908.html,superjob
Уборщик,51983910,Сотрудник ресторана,Теремок - Инвест,Москва,96340.0,144510.0,120425.0,Без опыта,Полный рабочий день,Не имеет значения,1779360981,https://www.superjob.ru/vakansii/sotrudnik-restorana-51983910.html,superjob
Уборщик,51984121,Кухонный работник,Теремок - Инвест,Москва,93000.0,122000.0,107500.0,Без опыта,Полный рабочий день,Не имеет значения,1779368046,https://www.superjob.ru/vakansii/kuhonnyj-rabotnik-51984121.html,superjob
Уборщик,51985747,Кухонный работник,Теремок - Инвест,Москва,93000.0,122000.0,107500.0,Без опыта,Полный рабочий день,Не имеет значения,1779440503,https://www.superjob.ru/vakansii/kuhonnyj-rabotnik-51985747.html,superjob
Уборщик,51986515,Кухонный работник,Теремок - Инвест,Москва,93000.0,122000.0,107500.0,Без опыта,Полный рабочий день,Не имеет значения,1779459942,https://www.superjob.ru/vakansii/kuhonnyj-rabotnik-51986515.html,superjob
