query_category,query_text,wb_id,product_name,brand,price_rub,price_original_rub,discount_pct,rating,reviews_count,category,pack_size,url,source
Чай,чай габа,414752072,Габа Рубиновая GABA улун китайский чай 50 грамм,Green Edge Tea,,,,4.8,34686,Чай,50 г,https://www.wildberries.ru/catalog/414752072/detail.aspx,wildberries
Чай,чай габа,199042796,Габа Изумрудная GABA улун китайский чай 50 грамм,Green Edge Tea,,,,4.8,34686,Чай,50 г,https://www.wildberries.ru/catalog/199042796/detail.aspx,wildberries
Чай,чай габа,212419708,Чай GABA темный улун,Massaro tea,,,,4.6,305,Чай,,https://www.wildberries.ru/catalog/212419708/detail.aspx,wildberries
Чай,чай габа,751815866,"Чай Габа медовая, 50 г",Life Leaf,,,,4.7,86,Чай,50 г,https://www.wildberries.ru/catalog/751815866/detail.aspx,wildberries
Чай,чай габа,430163304,"Улун Габа китайский чай премиум, 60 гр",Уютная чаша,,,,4.7,1195,Чай,60 г,https://www.wildberries.ru/catalog/430163304/detail.aspx,wildberries
Чай,чай габа,154756233,"Китайский улун чай ГАБА Алишань темная без добавок, 50 г",TEATASTY,,,,4.7,1212,Чай,50 г,https://www.wildberries.ru/catalog/154756233/detail.aspx,wildberries
Чай,чай габа,498782777,Китайский чай Улун ГАБА ДА ХУН ПАО Красный Халат,ЧайЦи,,,,4.8,2274,Чай,,https://www.wildberries.ru/catalog/498782777/detail.aspx,wildberries
Чай,чай габа,230717441,Габа Алишань Красная GABA улун китайский чай 50 грамм,Green Edge Tea,,,,4.8,34686,Чай,50 г,https://www.wildberries.ru/catalog/230717441/detail.aspx,wildberries
Чай,чай габа,829977014,"Габа чай ""Медовые соты""",Дом 31,,,,4.9,37,Чай,,https://www.wildberries.ru/catalog/829977014/detail.aspx,wildberries
Чай,чай габа,52423074,Габа Алишань Медовая 50 грамм PREMIUM,RE:FOOD,,,,4.8,3791,Чай,50 г,https://www.wildberries.ru/catalog/52423074/detail.aspx,wildberries
Чай,чай габа,194923663,Габа Фермерская GABA улун китайский чай 50 грамм,Green Edge Tea,,,,4.8,34686,Чай,50 г,https://www.wildberries.ru/catalog/194923663/detail.aspx,wildberries
Чай,чай габа,872891239,Чай GABA темный улун 200г,Massaro tea,,,,4.5,15,Чай,200 г,https://www.wildberries.ru/catalog/872891239/detail.aspx,wildberries
Чай,чай габа,444663605,Китайский улун чай ГАБА Алишань Красная Габа 50 г,TEATASTY,,,,4.6,57,Чай,50 г,https://www.wildberries.ru/catalog/444663605/detail.aspx,wildberries
Чай,чай габа,373564963,Габа Чай Медовая листовой улун 100 грамм,Энергия Жизни ВИ,,,,4.7,213,Чай,100 г,https://www.wildberries.ru/catalog/373564963/detail.aspx,wildberries
Чай,чай габа,908247181,"Чай Габа Вишневая, 50 г",Life Leaf,,,,5.0,2,Чай,50 г,https://www.wildberries.ru/catalog/908247181/detail.aspx,wildberries
Чай,чай габа,421932856,Чай Габа Вишневая 100 г,Энергия Жизни ВИ,,,,5.0,3,Чай,100 г,https://www.wildberries.ru/catalog/421932856/detail.aspx,wildberries
Чай,чай габа,166766214,"ГАБА Алишань, китайский чай улун ГАМК, 100 г",Mute,,,,4.8,4523,Чай,100 г,https://www.wildberries.ru/catalog/166766214/detail.aspx,wildberries
Чай,чай габа,154755001,"Китайский улун чай ГАБА Алишань темная без добавок, 100 г",TEATASTY,,,,4.7,1115,Чай,100 г,https://www.wildberries.ru/catalog/154755001/detail.aspx,wildberries
Чай,чай габа,903244359,ГАБА красная чай листовой. Мягкая энергия и концентрация,ChelSid,,,,0.0,0,Чай,,https://www.wildberries.ru/catalog/903244359/detail.aspx,wildberries
Чай,чай габа,139309565,ГАБА чай,TEA BAR,,,,4.9,47,Чай,,https://www.wildberries.ru/catalog/139309565/detail.aspx,wildberries
Чай,чай габа,430967547,Габа чай фермерский малина 50 гр,RE:FOOD,,,,4.8,3791,Чай,50 г,https://www.wildberries.ru/catalog/430967547/detail.aspx,wildberries
Чай,чай габа,23000861,Габа Алишань 50 грамм PREMIUM,RE:FOOD,,,,4.8,3791,Чай,50 г,https://www.wildberries.ru/catalog/23000861/detail.aspx,wildberries
Чай,чай габа,412201532,Высокогорная габа Рубин 20гр,чайный квадрат,,,,5.0,17,Чай,20 г,https://www.wildberries.ru/catalog/412201532/detail.aspx,wildberries
Чай,чай габа,547093845,Габа Алишань Медовая 100 грамм PREMIUM,RE:FOOD,,,,4.8,3791,Чай,100 г,https://www.wildberries.ru/catalog/547093845/detail.aspx,wildberries
Чай,чай габа,173295474,"Чай габа «Лесная», китайский улун, 50 г",ЧАЁК,,,,4.8,398,Чай,50 г,https://www.wildberries.ru/catalog/173295474/detail.aspx,wildberries
Чай,чай габа,72245685,"Чай Габа Улун, 50 гр",Spirulinafood,,,,4.9,893,Чай,50 г,https://www.wildberries.ru/catalog/72245685/detail.aspx,wildberries
Чай,чай габа,574226403,Чай листовой габа фермерская китайский улун успокаивающий,BASKEY,,,,4.7,1307,Чай,,https://www.wildberries.ru/catalog/574226403/detail.aspx,wildberries
Чай,чай габа,785895536,"Улун Габа медовая китайский чай премиум, 60 гр",Уютная чаша,,,,4.9,81,Чай,60 г,https://www.wildberries.ru/catalog/785895536/detail.aspx,wildberries
Чай,чай габа,767232545,Габа чай медовая расслабляющий оригинал Тайвань 100 г,TLab,,,,4.7,1681,Чай,100 г,https://www.wildberries.ru/catalog/767232545/detail.aspx,wildberries
Чай,чай габа,243916321,"Китайский чай Габа Алишань Премиум Листовой, 150 гр",iTEA,,,,4.8,1137,Чай,150 г,https://www.wildberries.ru/catalog/243916321/detail.aspx,wildberries
Чай,чай габа,263228343,Габа чай Вулканический Улун Базальт из Тэнчун (100 гр),ЧайЦи,,,,4.8,165,Чай,100 г,https://www.wildberries.ru/catalog/263228343/detail.aspx,wildberries
Чай,чай габа,21319009,"Чай улун Габа Алишань, 100 гр",CEREMONY TEA,,,,4.9,528,Чай,100 г,https://www.wildberries.ru/catalog/21319009/detail.aspx,wildberries
Чай,чай габа,166766248,"ГАБА Алишань, китайский чай улун ГАМК, 50 г",Mute,,,,4.8,4523,Чай,50 г,https://www.wildberries.ru/catalog/166766248/detail.aspx,wildberries
Чай,чай габа,734325472,"Чай Габа медовая, 100 гр",Life Leaf,,,,4.8,45,Чай,100 г,https://www.wildberries.ru/catalog/734325472/detail.aspx,wildberries
Чай,чай габа,770762596,"Улун Габа с манго китайский чай премиум, 60 гр",Уютная чаша,,,,4.9,60,Чай,60 г,https://www.wildberries.ru/catalog/770762596/detail.aspx,wildberries
Чай,чай габа,719948589,"Чай габа ""Мохито""",Дом 31,,,,4.9,41,Чай,,https://www.wildberries.ru/catalog/719948589/detail.aspx,wildberries
Чай,чай габа,330673222,Габа чай зеленый в вакуумной упаковке,ИМПЕРИЯ ЧАЯ,,,,4.6,49,Чай,,https://www.wildberries.ru/catalog/330673222/detail.aspx,wildberries
Чай,чай габа,211664031,Чай Габа Медовая 100г,,,,,4.9,413,Чай,100 г,https://www.wildberries.ru/catalog/211664031/detail.aspx,wildberries
Чай,чай габа,423353261,"Габа Улун чай листовой китайский, 100 гр",Уютная чаша,,,,4.7,219,Чай,100 г,https://www.wildberries.ru/catalog/423353261/detail.aspx,wildberries
Чай,чай габа,327209142,Чай Габа Алишань Тайвань 100 г,Энергия Жизни ВИ,,,,4.7,94,Чай,100 г,https://www.wildberries.ru/catalog/327209142/detail.aspx,wildberries
Чай,чай габа,174306288,"Чай ГАБА Топаз Алишань, тайваньский высокогорный улун, рассы…",Tea875.store,,,,4.9,579,Чай,,https://www.wildberries.ru/catalog/174306288/detail.aspx,wildberries
Чай,чай габа,23001108,Габа Фермерская 50 грамм PREMIUM,RE:FOOD,,,,4.8,3791,Чай,50 г,https://www.wildberries.ru/catalog/23001108/detail.aspx,wildberries
Чай,чай габа,794008817,Габа Алишань Медовая 100 грамм PREMIUM,RE:FOOD,,,,4.8,3791,Чай,100 г,https://www.wildberries.ru/catalog/794008817/detail.aspx,wildberries
Чай,чай габа,712019295,Габа Алишань Медовая 200 грамм PREMIUM,RE:FOOD,,,,4.8,3791,Чай,200 г,https://www.wildberries.ru/catalog/712019295/detail.aspx,wildberries
Чай,чай габа,337470044,Молочный улун,TreeLove,,,,4.6,24,Чай,,https://www.wildberries.ru/catalog/337470044/detail.aspx,wildberries
Чай,чай габа,489650525,Габа Фермерская GABA улун китайский чай 100 грамм,FoodVill,,,,4.6,14,Чай,100 г,https://www.wildberries.ru/catalog/489650525/detail.aspx,wildberries
Чай,чай габа,35925369,Китайский чай Габа улун,Чайная мастерская,,,,4.9,161,Чай,,https://www.wildberries.ru/catalog/35925369/detail.aspx,wildberries
Чай,чай габа,778485696,"Габа чай ""Живое манго"" 30 грамм",Дом 31,,,,4.8,12,Чай,30 г,https://www.wildberries.ru/catalog/778485696/detail.aspx,wildberries
Чай,чай габа,430967548,Габа чай фермерский барбарис 50 гр,RE:FOOD,,,,4.8,3791,Чай,50 г,https://www.wildberries.ru/catalog/430967548/detail.aspx,wildberries
Чай,чай габа,811765528,"Чай габа Алишань Рубиновая, улун для расслабления,100 г",ИМПЕРИЯ ЧАЯ,,,,5.0,6,Чай,100 г,https://www.wildberries.ru/catalog/811765528/detail.aspx,wildberries
Чай,чай габа,114445666,Габа Фермерская Клубника 50 грамм PREMIUM,RE:FOOD,,,,4.8,3791,Чай,50 г,https://www.wildberries.ru/catalog/114445666/detail.aspx,wildberries
Чай,чай габа,287510040,Китайский зеленый чай Улун Габа Алишань 100г,Китайский Чайный Царь,,,,4.5,226,Чай,100 г,https://www.wildberries.ru/catalog/287510040/detail.aspx,wildberries
Чай,чай габа,697245408,ГАБА чай Deep Gold HQ 2025 Габа улун 100гр,Tea875.store,,,,4.9,579,Чай,2025 г,https://www.wildberries.ru/catalog/697245408/detail.aspx,wildberries
Чай,чай габа,481637839,Габа Чай Фермерская 150 грамм,Spirulinafood,,,,4.8,209,Чай,150 г,https://www.wildberries.ru/catalog/481637839/detail.aspx,wildberries
Чай,чай габа,794007759,Габа Алишань Медовая 50 грамм PREMIUM,RE:FOOD,,,,4.8,3791,Чай,50 г,https://www.wildberries.ru/catalog/794007759/detail.aspx,wildberries
Чай,чай габа,414738742,Чай Габа Медовая 200 г,Энергия Жизни ВИ,,,,4.8,77,Чай,200 г,https://www.wildberries.ru/catalog/414738742/detail.aspx,wildberries
Чай,чай габа,225254647,"Китайский чай Габа Алишань, Тайвань 200 г",chá chuántǒng,,,,4.8,190,Чай,200 г,https://www.wildberries.ru/catalog/225254647/detail.aspx,wildberries
Чай,чай габа,861898999,"Габа Шу Пуэр, прессованный блин 100 г",SibTea,,,,4.7,626,Чай,100 г,https://www.wildberries.ru/catalog/861898999/detail.aspx,wildberries
Чай,чай габа,298095931,ГАБА чай Deep Purple HQ 2025 Габа улун 100гр,Tea875.store,,,,4.9,579,Чай,2025 г,https://www.wildberries.ru/catalog/298095931/detail.aspx,wildberries
Чай,чай габа,670263799,Габа Фермерская GABA улун китайский чай малина 50 г,DE JANEIRO,,,,4.9,56,Чай,50 г,https://www.wildberries.ru/catalog/670263799/detail.aspx,wildberries
Чай,чай габа,981013959,"Габа красный чай ""Вулкан"" 50 г",ЧАЁК,,,,4.0,3,Чай,50 г,https://www.wildberries.ru/catalog/981013959/detail.aspx,wildberries
Чай,чай габа,403110189,чай габа алишань,Fujian Wu Long Green Ti,,,,4.7,53,Чай,,https://www.wildberries.ru/catalog/403110189/detail.aspx,wildberries
Чай,чай габа,412393742,Чай Габа Медовая 500 г,Энергия Жизни ВИ,,,,4.9,46,Чай,500 г,https://www.wildberries.ru/catalog/412393742/detail.aspx,wildberries
Чай,чай габа,287510039,Китайский зеленый чай Улун Габа Алишань 50г,Китайский Чайный Царь,,,,4.7,176,Чай,50 г,https://www.wildberries.ru/catalog/287510039/detail.aspx,wildberries
Чай,чай габа,368828933,Чай Габа Алишань Тайвань 200г,Энергия Жизни ВИ,,,,4.7,29,Чай,200 г,https://www.wildberries.ru/catalog/368828933/detail.aspx,wildberries
Чай,чай габа,268014289,Чай Габа ( фермерская ),ИМПЕРИЯ ЧАЯ,,,,4.8,469,Чай,,https://www.wildberries.ru/catalog/268014289/detail.aspx,wildberries
Чай,чай габа,756266336,"Габа Улун чай листовой китайский, 300 гр",Уютная чаша,,,,5.0,16,Чай,300 г,https://www.wildberries.ru/catalog/756266336/detail.aspx,wildberries
Чай,чай габа,547142852,Габа чай фермерский китайский вишня 100 гр,RE:FOOD,,,,4.8,3791,Чай,100 г,https://www.wildberries.ru/catalog/547142852/detail.aspx,wildberries
Чай,чай габа,430967544,Габа чай фермерский китайский цитрус 50 гр,RE:FOOD,,,,4.8,3791,Чай,50 г,https://www.wildberries.ru/catalog/430967544/detail.aspx,wildberries
Чай,чай габа,223925781,"Чай китайский Габа фермерская, 100г",VitaLabActiv,,,,4.8,116,Чай,100 г,https://www.wildberries.ru/catalog/223925781/detail.aspx,wildberries
Чай,чай габа,233291034,Габа Манго 100 гр,,,,,4.9,107,Чай,100 г,https://www.wildberries.ru/catalog/233291034/detail.aspx,wildberries
Чай,чай габа,752122378,"Чай Габа медовая, 200 г",Life Leaf,,,,5.0,8,Чай,200 г,https://www.wildberries.ru/catalog/752122378/detail.aspx,wildberries
Чай,чай габа,114445664,Габа Фермерская Манго 50 грамм PREMIUM,RE:FOOD,,,,4.8,3791,Чай,50 г,https://www.wildberries.ru/catalog/114445664/detail.aspx,wildberries
Чай,чай габа,379891683,"Чай зеленый листовой китайский улун Габа фермерская, 200 г",TiSun,,,,4.8,71,Чай,200 г,https://www.wildberries.ru/catalog/379891683/detail.aspx,wildberries
Чай,чай габа,114445667,Габа Фермерская Клубника 100 грамм PREMIUM,RE:FOOD,,,,4.8,3791,Чай,100 г,https://www.wildberries.ru/catalog/114445667/detail.aspx,wildberries
Чай,чай габа,917656975,Чай Габа Алишань 100 г,Life Leaf,,,,5.0,6,Чай,100 г,https://www.wildberries.ru/catalog/917656975/detail.aspx,wildberries
Чай,чай габа,397081075,Чай Габа Медовая 50г,Чайный Волшебник,,,,0.0,0,Чай,50 г,https://www.wildberries.ru/catalog/397081075/detail.aspx,wildberries
Чай,чай габа,597266875,"Чай Габа, Набор Подарочный, «Три Тайваня»",,,,,5.0,1,Чай,,https://www.wildberries.ru/catalog/597266875/detail.aspx,wildberries
Чай,чай габа,901899307,Габа Весенняя Цин Сян 50 грамм,Чайная мастерская,,,,4.7,20,Чай,50 г,https://www.wildberries.ru/catalog/901899307/detail.aspx,wildberries
Чай,чай габа,370853215,Габа тайваньский улун чай 50 гр,Китайский чай у Царицы,,,,4.9,37,Чай,50 г,https://www.wildberries.ru/catalog/370853215/detail.aspx,wildberries
Чай,чай габа,855943793,Габа Алишань Медовая 100 грамм,HOLFY,,,,4.9,55,Чай,100 г,https://www.wildberries.ru/catalog/855943793/detail.aspx,wildberries
Чай,чай габа,205638605,Габа чай Блэк Джек 100 грамм,Taiwan Tea,,,,4.7,116,Чай,100 г,https://www.wildberries.ru/catalog/205638605/detail.aspx,wildberries
Чай,чай габа,429979946,"Чай габа ""Лесная"", китайский улун, 100 г",ЧАЁК,,,,4.9,35,Чай,100 г,https://www.wildberries.ru/catalog/429979946/detail.aspx,wildberries
Чай,чай габа,77023026,Габа Алишань 200 грамм PREMIUM,RE:FOOD,,,,4.8,3791,Чай,200 г,https://www.wildberries.ru/catalog/77023026/detail.aspx,wildberries
Чай,чай габа,595429444,Китайский чай Габа Диамант красная улун подарочный в банке…,iTEA,,,,4.8,72,Чай,,https://www.wildberries.ru/catalog/595429444/detail.aspx,wildberries
Чай,чай габа,54803586,"Габа чай Алишань красная, тайваньский улун оолонг, 100 г",Другой чай,,,,4.9,80,Чай,100 г,https://www.wildberries.ru/catalog/54803586/detail.aspx,wildberries
Чай,чай габа,77017086,Габа Фермерская 100 грамм PREMIUM,RE:FOOD,,,,4.8,3791,Чай,100 г,https://www.wildberries.ru/catalog/77017086/detail.aspx,wildberries
Чай,чай габа,547138865,Габа чай фермерский китайский цитрус 100 гр,RE:FOOD,,,,4.8,3791,Чай,100 г,https://www.wildberries.ru/catalog/547138865/detail.aspx,wildberries
Чай,чай габа,277259521,"Медовый Габа Улун, 50гр",Dragon leaf,,,,4.8,154,Чай,50 г,https://www.wildberries.ru/catalog/277259521/detail.aspx,wildberries
Чай,чай габа,197848015,"Китайский чай Габа Алишань, улун 100 г",chá chuántǒng,,,,4.8,290,Чай,100 г,https://www.wildberries.ru/catalog/197848015/detail.aspx,wildberries
Чай,чай габа,719952034,"Габа чай ""Малина"" 30 грамм",Дом 31,,,,4.6,61,Чай,30 г,https://www.wildberries.ru/catalog/719952034/detail.aspx,wildberries
Чай,чай габа,228877151,"Премиальный фермерский чай ""Красная габа"" из Сочи, 40 г",Черноморский чай,,,,4.9,35,Чай,40 г,https://www.wildberries.ru/catalog/228877151/detail.aspx,wildberries
Чай,чай габа,533265960,"ГАБА с яблоком и карамелью, китайский чай улун ГАМК, 100 г",Mute,,,,4.8,4523,Чай,100 г,https://www.wildberries.ru/catalog/533265960/detail.aspx,wildberries
Чай,чай габа,778489283,Чай габа барбарис,Дом 31,,,,5.0,11,Чай,,https://www.wildberries.ru/catalog/778489283/detail.aspx,wildberries
Чай,чай габа,77023025,Габа Алишань 100 грамм PREMIUM,RE:FOOD,,,,4.8,3791,Чай,100 г,https://www.wildberries.ru/catalog/77023025/detail.aspx,wildberries
Чай,чай габа,326949254,Габа тайваньский улун чай 50 гр,Китайский чай у Царицы,,,,4.6,94,Чай,50 г,https://www.wildberries.ru/catalog/326949254/detail.aspx,wildberries
Чай,чай габа,105095886,"Улун Габа Фермерская, 25г",TEA CAT,,,,4.6,11,Чай,25 г,https://www.wildberries.ru/catalog/105095886/detail.aspx,wildberries
Чай,чай габа,740379185,"Китайский чай Шу пуэр по технологии Габа сорт ""Цзинь я"" прем…",iTEA,,,,4.8,93,Чай,,https://www.wildberries.ru/catalog/740379185/detail.aspx,wildberries
Чай,чай габа,19288887,"Чай Улун Габа Фермерская, 100 гр",CEREMONY TEA,,,,4.8,462,Чай,100 г,https://www.wildberries.ru/catalog/19288887/detail.aspx,wildberries
Чай,чай габа,238436815,Чай Улун Габа Фермерская,Highland,,,,4.9,145,Чай,,https://www.wildberries.ru/catalog/238436815/detail.aspx,wildberries
